doi,editor,reviewers
10.21105/joss.04060,@danielskatz,@danielskatz
10.21105/joss.04031,@fboehm,@welch16;@soodoku
10.21105/joss.03981,@rkurchin,@tonigi;@geraldjwang and @zadehsey
10.21105/joss.03917,@pdebuyl,@Saran-nns;@mirca
10.21105/joss.03979,@mikldk,@erikcs;@rrrlw
10.21105/joss.03900,@arfon,@arfon
10.21105/joss.03893,@danielskatz,@danielskatz
10.21105/joss.03904,@chartgerink,@hknd23;@chainsawriot
10.21105/joss.03895,@jbytecode,@kmichael08;@richrobe
10.21105/joss.03958,@danielskatz,@henrykironde;@chrisbrickhouse
10.21105/joss.03876,@will-rowe,@adRn-s;@aguang
10.21105/joss.03844,@fabian-s,@rowlandseymour;@tbrown122387
10.21105/joss.03865,@gkthiruvathukal,@papachristoumarios;@jameschapman19
10.21105/joss.03860,@Kevin-Mattheus-Moerman,@akaptano;@JaroslavHron;@salrm8;@hkjeldsberg
10.21105/joss.03864,@osorensen,@dvysardana;@drj11
10.21105/joss.03839,@will-rowe,@Ebedthan;@telatin
10.21105/joss.03828,@osorensen,@fartist;@FranjoIM;@mingzehuang
10.21105/joss.03887,@csoneson,@craddm;@lindemann09
10.21105/joss.03823,@emdupre,@robbisg;@hugorichard;@ejolly
10.21105/joss.03832,@osorensen,@axel-loewe
10.21105/joss.03859,@galessiorob,@vyasr;@htjb
10.21105/joss.03811,@Bisaloo,@lionel68;@tretherington
10.21105/joss.03827,@christinahedges,@emptymalei;@cpinte
10.21105/joss.03786,@mikldk,@valentint;@msalibian
10.21105/joss.03877,@galessiorob,@AoifeHughes;@sachsmc;@JonasMoss;@MaaniBeigy
10.21105/joss.03782,@danielskatz,@KanishAnand;@OlgerSiebinga
10.21105/joss.03784,@bmcfee,@napulen;@albincorreya
10.21105/joss.03781,@rkurchin,@stuartcampbell;@ksunden
10.21105/joss.03814,@kthyng,@dankelley
10.21105/joss.03822,@chartgerink,@tianxzhu;@svmiller
10.21105/joss.03772,@dfm,@apizzuto;@PeterDenton
10.21105/joss.03733,@jbytecode,@bkamins;@felixcremer
10.21105/joss.03756,@galessiorob,@AlexanderPico;@rabdill
10.21105/joss.03773,@kellyrowland,@kevinlibuit;@DavidNickle
10.21105/joss.03739,@ajstewartlang,@vaneseltine;@andrewheiss
10.21105/joss.03702,@osorensen,@zen-juen;@espenhgn
10.21105/joss.03710,@jbytecode,@astrojuanlu;@helgee
10.21105/joss.03723,@lucydot,@FTurci;@govarguz
10.21105/joss.03719,@arfon,@linuxscout
10.21105/joss.03677,@mikldk,@kblin;@bede
10.21105/joss.03705,@Bisaloo,@bernardsilenou;@wesleyburr
10.21105/joss.03679,@prashjha,@luciorq;@djmitche
10.21105/joss.03666,@crvernon,@dbuscombe-usgs;@chrisleaman
10.21105/joss.03668,@prashjha,@TLCFEM;@karthikncsu;@Balaje
10.21105/joss.03708,@fboehm,@martinmodrak;@elimillera
10.21105/joss.03661,@csoneson,@prdm0;@kellieotto
10.21105/joss.03678,@csoneson,@Thomieh73;@afrubin
10.21105/joss.03652,@fabian-s,@assenmacher-mat;@sara-02
10.21105/joss.03882,@taless474,@schruste;@lucaferranti
10.21105/joss.03634,@crvernon,@corybrunson;@rmflight
10.21105/joss.03618,@danielskatz,@tclune;@TomGoffrey
10.21105/joss.03646,@chartgerink,@a3sha2;@joaomcteixeira
10.21105/joss.03642,@osorensen,@Jose-Augusto-C-M;@papachristoumarios;@bobturneruk
10.21105/joss.03740,@faroit,@nils-werner;@hagenw
10.21105/joss.03635,@crvernon,@crhea93;@rmorgan10
10.21105/joss.03695,@fraukewiese,@mefuller;@bocklund
10.21105/joss.03725,@lucydot,@rafaelab @villaa
10.21105/joss.03613,@bmcfee,@vahid-sb;@jongwook
10.21105/joss.03617,@danielskatz,@cmaimone;@step21
10.21105/joss.03703,@rkurchin,@sbozzolo;@rashti-alireza
10.21105/joss.03771,@dfm,@zingale;@changgoo
10.21105/joss.03735,@mjsottile,@oyvinht;@khinsen
10.21105/joss.03608,@jbytecode,@blsqr;@szhorvat
10.21105/joss.03605,@ajstewartlang,@cjbarrie;@justinchuntingho
10.21105/joss.03607,@danielskatz,@rusu24edward;@tomalrussell
10.21105/joss.03601,@fraukewiese,@lisazeyen;@willu47
10.21105/joss.03545,@rkurchin,@janfreyberg;@janfb
10.21105/joss.03783,@christinahedges,@patricialarsen;@smsharma
10.21105/joss.03544,@elbeejay,@cole-brokamp;@tsamsonov
10.21105/joss.03625,@fraukewiese,@nmstreethran;@olejandro
10.21105/joss.03622,@jmschrei,@maximtrp;@Zethson
10.21105/joss.03676,@dfm,@plaplant;@mkolopanis
10.21105/joss.03522,@Nikoleta-v3,@alexhanna;@cmaimone
10.21105/joss.03556,@Nikoleta-v3,@iammix;@sigvaldm
10.21105/joss.03543,@taless474,@nhejazi;@omid-s
10.21105/joss.03519,@mjsottile,@zoometh;@mschordan;@jonjoncardoso
10.21105/joss.03641,@xuanxu,@lucaferranti;@RobertRosca
10.21105/joss.03557,@sbenthall,@reality;@rlskoeser
10.21105/joss.03609,@martinfleis,@aelissa;@nickbearman
10.21105/joss.03619,@danielskatz,@chad-iris;@cja12;@jkmacc-LANL
10.21105/joss.03521,@richardjgowers,@lilyminium;@ojeda-e;@blakeaw
10.21105/joss.03526,@jbytecode,@myousefi2016;@mseri
10.21105/joss.03495,@arfon,@malmans2;@steo85it
10.21105/joss.03631,@diehlpk,@dirmeier;@StefanOlin
10.21105/joss.03546,@rkurchin,@cmbiwer;@mikapfl
10.21105/joss.03541,@elbeejay,@abhishekvp;@omshinde;@arbennett
10.21105/joss.03649,@elbeejay,@jifarquharson;@meghanrjones
10.21105/joss.03500,@emdupre,@uecker;@MartinK84
10.21105/joss.03459,@osorensen,@robbisg;@PeerHerholz
10.21105/joss.03653,@pdebuyl,@lorenzo-rovigatti;@junghans
10.21105/joss.03523,@emdupre,@agahkarakuzu;@matteomancini
10.21105/joss.03538,@Nikoleta-v3,@cjbarrie;@shivam11
10.21105/joss.03575,@osorensen,@callumrollo;@ethanwhite
10.21105/joss.03540,@bmcfee,@brunaw;@rrrlw
10.21105/joss.03414,@ajstewartlang,@TomasBeuzen;@TomasBeuzen;@martinfleis
10.21105/joss.03675,@dfm,@adrn;@maxwelltsai
10.21105/joss.03598,@lucydot,@nicksisco1932
10.21105/joss.03438,@Nikoleta-v3,@EduPH;@MikeLydeamore
10.21105/joss.03525,@dfm,@ZedThree;@StanczakDominik
10.21105/joss.03504,@ajstewartlang,@sara-shiho;@pmyteh
10.21105/joss.03452,@jbytecode,@ChristopherLucas;@mwt
10.21105/joss.03464,@Nikoleta-v3,@wxwx1993;@dilawar
10.21105/joss.03435,@ajstewartlang,@nmstreethran;@ibarraespinosa
10.21105/joss.03447,@jmschrei,@pps121;@amtseng
10.21105/joss.03539,@mikldk,@seabbs;@strengejacke;@SteRoe
10.21105/joss.03457,@lpantano,@tobiasrausch;@wdecoster
10.21105/joss.03439,@jbytecode,@felipefr;@scarlehoff
10.21105/joss.03393,@fboehm,@MatthewSmith430;@jakobbossek
10.21105/joss.03458,@jgostick,@hungpham2017;@jamesrhester
10.21105/joss.03471,@hugoledoux,@RonaldEnsing;@hechth
10.21105/joss.03416,@VivianePons,@kostunin;@amelialdrew
10.21105/joss.03490,@adi3,@destogl;@nnadeau
10.21105/joss.03484,@dfm,@CamDavidsonPilon;@MatthewReid854
10.21105/joss.03456,@fabian-s,@jonjoncardoso;@corneliusfritz
10.21105/joss.03424,@drvinceknight,@seba-1511;@abhiramm7
10.21105/joss.03437,@fabian-s,@adithirgis;@elimillera
10.21105/joss.03419,@kellyrowland,@1313e;@csadorf
10.21105/joss.03395,@vissarion,@crhea93;@szkafander
10.21105/joss.03434,@faroit,@lutzhamel;@magdalenafuentes
10.21105/joss.03453,@osorensen,@mwt;@OwenWard
10.21105/joss.03398,@kbarnhart,@zsylvester;@jhnienhuis
10.21105/joss.03714,@meg-simula,@alcantarar;@melund
10.21105/joss.03362,@csoneson,@ayush9pandey;@standage
10.21105/joss.03467,@KristinaRiemer,@jules32;@HeatherWelch
10.21105/joss.03455,@osorensen,@professoralkmin;@AustinTSchaffer
10.21105/joss.03673,@leouieda,@cpgr;@TobbeTripitaka;@akaszynski
10.21105/joss.03460,@arfon,@kanderso-nrel;@EricaEgg
10.21105/joss.03537,@jedbrown,@jeffhammond;@joselado
10.21105/joss.03454,@VivianePons,@dawbarton;@kellertuer
10.21105/joss.03389,@diehlpk,@daniellivingston;@pratikvn
10.21105/joss.03659,@kthyng,@KimBaldry;@catsch
10.21105/joss.03392,@csoneson,@tngTUDOR;@mfastudillo
10.21105/joss.03440,@majensen,@sara-02;@sap218
10.21105/joss.03482,@richardjgowers,@nicoguaro;@jmbr
10.21105/joss.03325,@jgostick,@janash;@rosecers
10.21105/joss.03336,@eloisabentivegna,@bgiacoma;@cpalenzuela
10.21105/joss.03290,@csoneson,@mponce0;@federicomarini
10.21105/joss.03429,@arfon,@kramea;@g4brielvs
10.21105/joss.03397,@drvinceknight,@matt-graham;@pmyteh
10.21105/joss.03272,@danielskatz,@medewitt;@JosiahParry
10.21105/joss.03351,@danielskatz,@platipodium;@tresoldi
10.21105/joss.03430,@drvinceknight,@brunaw;@sylvaticus
10.21105/joss.03418,@pdebuyl,@ashwinvis;@dgketchum
10.21105/joss.03611,@Kevin-Mattheus-Moerman,@alexlib;@nkeim;@tacaswell
10.21105/joss.03383,@KristinaRiemer,@fsanchez-trigueros
10.21105/joss.03282,@kthyng,@kthyng
10.21105/joss.03285,@arfon,@grburgess;@benjaminpope
10.21105/joss.03262,@arokem,@szorowi1;@jkanche
10.21105/joss.03283,@danielskatz,@smsharma;@coljac
10.21105/joss.03497,@sbenthall,@ziotom78;@eschnett
10.21105/joss.03347,@faroit,@sara-02;@baileythegreen
10.21105/joss.03485,@kthyng,@paleolimbot;@richardsc
10.21105/joss.03249,@arfon,@arfon
10.21105/joss.03348,@danielskatz,@mfenner;@dhimmel
10.21105/joss.03394,@Kevin-Mattheus-Moerman,@MakerTobey;@uellue;@beniroquai;@untzag
10.21105/joss.03273,@fboehm,@Marie-PerrotDockes;@yunanwu123
10.21105/joss.03323,@mikldk,@maximtrp;@arunmano121
10.21105/joss.03274,@diehlpk,@camillescott;@gflofst
10.21105/joss.03326,@arfon,@brunaw;@expectopatronum
10.21105/joss.03349,@Kevin-Mattheus-Moerman,@fverdugo;@gaelforget
10.21105/joss.03296,@mjsottile,@lutzhamel;@yuhc
10.21105/joss.03391,@faroit,@hagenw;@keunwoochoi
10.21105/joss.03311,@diehlpk,@rcannood;@zbeekman
10.21105/joss.03417,@fboehm,@Tam-Pham;@erik-whiting
10.21105/joss.03358,@lpantano,@abartlett004;@stemangiola
10.21105/joss.03238,@fboehm,@msalibian;@aalfons
10.21105/joss.03374,@kellyrowland,@iimog;@7omasz
10.21105/joss.03294,@timtroendle,@kanderso-nrel;@crvernon
10.21105/joss.03284,@arfon,@hadware;@sneakers-the-rat
10.21105/joss.03265,@mbobra,@mgalloy;@Goobley
10.21105/joss.03203,@timtroendle,@potterzot;@igarizio
10.21105/joss.03193,@kyleniemeyer,@kyleniemeyer
10.21105/joss.03313,@timtroendle,@samuelduchesne;@ritwikagarwal
10.21105/joss.03212,@kellyrowland,@kramea;@neerajdhanraj
10.21105/joss.03200,@KristinaRiemer,@BrandonEdwards;@puruckertom
10.21105/joss.03194,@eloisabentivegna,@JostMigenda;@rafaelab
10.21105/joss.03215,@kellyrowland,@SirSharpest;@marouenbg
10.21105/joss.03257,@xuanxu,@HeloiseS;@warrickball
10.21105/joss.03201,@lpantano,@marypiper
10.21105/joss.03247,@will-rowe,@DARSakthi;@joeweaver
10.21105/joss.03221,@kthyng,@JannisHoch;@cheginit
10.21105/joss.03384,@danielskatz,@chrishavlin;@rougier;@phamvanvung
10.21105/joss.03308,@arfon,@AlexChristensen;@GiulioCostantini
10.21105/joss.03166,@fboehm,@DrMattG and @crvernon
10.21105/joss.03293,@meg-simula,@AJQuinn;@sappelhoff
10.21105/joss.03199,@dfm,@kburns;@milescranmer
10.21105/joss.03297,@arfon,@levimcclenny;@Het-Shah
10.21105/joss.03167,@csoneson,@njtierney;@kevinrue
10.21105/joss.03168,@kbarnhart,@giswqs;@elbeejay;@patrickcgray
10.21105/joss.03173,@majensen,@DavidNickle;@rvosa
10.21105/joss.03139,@mikldk,@martinju;@gjo11
10.21105/joss.03143,@danielskatz,@hkaiser;@jarrah42
10.21105/joss.03175,@kthyng,@evanleeturner;@raoulcollenteur
10.21105/joss.03171,@danielskatz,@pzarabadip;@eihernan
10.21105/joss.03153,@danielskatz,@mbdemoraes;@apiad
10.21105/joss.03191,@hugoledoux,@fbiljecki;@benmarwick
10.21105/joss.03324,@mikldk,@ejhigson;@jakryd
10.21105/joss.03236,@mikldk,@humanfactors;@tomfaulkenberry
10.21105/joss.03224,@dhhagan,@goldmanm;@khinsen
10.21105/joss.03211,@danielskatz,@adi3;@PierreGuilbertF
10.21105/joss.03237,@meg-simula,@mscroggs;@mikaem;@mikaem
10.21105/joss.03122,@csoneson,@Prof-ThiagoOliveira;@dlebauer
10.21105/joss.03169,@oliviaguest,@deep-introspection;@chrisgorgo;@neuromusic
10.21105/joss.03202,@jni,@a-paxton;@abigailmcgovern
10.21105/joss.03669,@oliviaguest,@martinagvilas;@stebo85
10.21105/joss.03172,@kthyng,@bstabler;@joferkington
10.21105/joss.03298,@arfon,@HaoZeke;@joglekara
10.21105/joss.03145,@poulson,@berenger-eu;@pitsianis
10.21105/joss.03114,@kbarnhart,@dlgeorge;@jmansour;@bzindovic
10.21105/joss.03089,@danielskatz,@arosen93;@lucydot
10.21105/joss.03097,@fboehm,@chrisvoncsefalvay;@esteinig
10.21105/joss.03133,@mikldk,@alexpghayes;@wjakethompson
10.21105/joss.03093,@csoneson,@tgerke;@borishejblum
10.21105/joss.03127,@dhhagan,@johnsamuelwrites;@djmitche
10.21105/joss.03091,@mbobra,@Atif-Anwer;@tuelwer
10.21105/joss.03076,@pdebuyl,@martinmodrak
10.21105/joss.03098,@jni,@tmaric
10.21105/joss.03066,@vissarion,@omendezmorales;@TolisChal
10.21105/joss.03322,@galessiorob,@cmaimone;@jungtaekkim
10.21105/joss.03094,@KristinaRiemer,@pjbouchet;@mcsiple
10.21105/joss.03192,@vissarion,@jungtaekkim;@yxoos
10.21105/joss.03077,@vissarion,@ranocha;@HaoZeke
10.21105/joss.03056,@arfon,@cescalara;@rmorgan10
10.21105/joss.03068,@dfm,@c-white;@bwoshea
10.21105/joss.03078,@dpsanders,@mwillsey;@jpfairbanks;@philzook58
10.21105/joss.03092,@vissarion,@corybrunson;@fabian-s
10.21105/joss.03082,@poulson,@rurz;@jameshclrk;@marwahaha
10.21105/joss.03314,@jedbrown,@smolins
10.21105/joss.03118,@majensen,@amoeba;@TomKellyGenetics
10.21105/joss.03051,@mjsottile,@JaroslavHron;@uellue
10.21105/joss.03071,@arfon,@nespinoza;@j-faria
10.21105/joss.03190,@Kevin-Mattheus-Moerman,@yangbai90;@ksyang2013;@littlelazy6
10.21105/joss.03050,@richardjgowers,@rmeli;@Sulstice
10.21105/joss.03115,@dfm,@eigenfoo;@ankurankan
10.21105/joss.03039,@poulson,@felipeZ;@lorenzo-rovigatti
10.21105/joss.03022,@mbobra,@Christovis;@changhoonhahn
10.21105/joss.03095,@dfm,@jmbrewer;@gully
10.21105/joss.03024,@galessiorob,@janfreyberg;@JonathanReardon;@rougier
10.21105/joss.03074,@KristinaRiemer,@cddesja;@brunaw
10.21105/joss.03054,@mikldk,@vs74;@inakleinbottle
10.21105/joss.03099,@eloisabentivegna,@yurlungur;@eloisabentivegna
10.21105/joss.03053,@pdebuyl,@ranocha;@eviatarbach
10.21105/joss.03021,@lpantano,@dangeles;@Sara-ShiHo
10.21105/joss.03009,@csoneson,@henrykironde;@fgeier
10.21105/joss.03000,@danielskatz,@khanx169;@RobertRosca
10.21105/joss.02995,@fboehm,@LogIN-;@JDRomano2
10.21105/joss.03067,@xuanxu,@astrom-tom;@ygrange
10.21105/joss.03045,@jgostick,@cescalara;@grburgessas;@cescalara
10.21105/joss.02991,@luizirber,@natir;@bovee
10.21105/joss.03001,@fboehm,@mattpitkin;@ziatdinovmax
10.21105/joss.03038,@mjsottile,@tjasaki;@NMontanaBrown
10.21105/joss.03156,@gkthiruvathukal,@thomakra;@elektrobohemian
10.21105/joss.03065,@sbenthall,@jamesdamillington;@martibosch
10.21105/joss.03079,@dpsanders,@ketch;@caropen
10.21105/joss.03040,@danielskatz,@gcdeshpande;@jarrah42
10.21105/joss.02959,@arfon,@arfon
10.21105/joss.03041,@oliviaguest,@jpsnijder;@Nathaniel-Haines;@rMassimiliano
10.21105/joss.03055,@Kevin-Mattheus-Moerman,@wimvanderbauwhede;@p-costa;@ashwinvis
10.21105/joss.02978,@eloisabentivegna,@robertsawko;@rhaas80
10.21105/joss.03210,@karthik,@donaldRwilliams;@AlexChristensen
10.21105/joss.03060,@diehlpk,@KristofferC;@rdeits
10.21105/joss.02945,@diehlpk,@thelfer;@FreddieWitherden;@pbauman
10.21105/joss.02952,@kbarnhart,@eriknes;@leotrs
10.21105/joss.03075,@gkthiruvathukal,@yadudoc;@sarathsp06
10.21105/joss.02979,@majensen,@junjun-zhang;@bensonml
10.21105/joss.02970,@hugoledoux,@liberostelios
10.21105/joss.02946,@VivianePons,@gradvohl;@gcdeshpande
10.21105/joss.02992,@mikldk,@mcavs;@mmrabe
10.21105/joss.02964,@mbobra,@munkm;@qpmnguyen
10.21105/joss.03049,@arfon,@djmitche
10.21105/joss.03042,@oliviaguest,@vigji
10.21105/joss.02939,@diehlpk,@corentin-dev;@iammix
10.21105/joss.02949,@arfon,@adi3;@sara-02
10.21105/joss.02916,@kthyng,@kthyng
10.21105/joss.02969,@timtroendle,@sabinomaggi  @Chilipp
10.21105/joss.03002,@majensen,@agahkarakuzu;@kakearney
10.21105/joss.03376,@arfon,@rchew;@soodoku
10.21105/joss.02976,@jgostick,@awvwgk
10.21105/joss.02975,@kbarnhart,@molgor;@ethanwhite
10.21105/joss.02906,@majensen,@dcnickle;@Maghnuso
10.21105/joss.03010,@marcosvital,@mcavs;@clauswilke;@osorensen
10.21105/joss.02968,@dfm,@GregoryAshton;@katiebreivik
10.21105/joss.03020,@Kevin-Mattheus-Moerman,@vijaysm;@chennachaos
10.21105/joss.02965,@kbarnhart,@laijingtao;@cheginit;@amanaster2
10.21105/joss.02917,@kyleniemeyer,@kyleniemeyer
10.21105/joss.02973,@pdebuyl,@fcooper8472;@SergeDmi
10.21105/joss.02891,@oliviaguest,@themkar;@CatarauCorina;@jkbye
10.21105/joss.03073,@arfon,@JonnyTran;@FedericoComoglio
10.21105/joss.03255,@Kevin-Mattheus-Moerman,@adi3;@vissarion;@bhajay
10.21105/joss.02892,@mikldk,@salleuska;@rMassimiliano
10.21105/joss.02948,@kbarnhart,@adamhsparks;@mikerspencer
10.21105/joss.03032,@arfon,@nidhog
10.21105/joss.02977,@dpsanders,@JanCBrammer;@EtienneCmb;@neurofractal
10.21105/joss.02927,@arfon,@tweed1e;@MilesMcBain
10.21105/joss.02989,@arfon,@faroit
10.21105/joss.02940,@jgostick,@jlopata21;@shimpalee
10.21105/joss.02877,@xuanxu,@bradkav;@benjaminrose
10.21105/joss.02957,@lpantano,@preetida
10.21105/joss.02878,@mikldk,@kdorheim
10.21105/joss.02866,@arfon,@GANys;@chenkianwee
10.21105/joss.02864,@csoneson,@xie186;@j-andrews7
10.21105/joss.02872,@KristinaRiemer,@dglmoore;@marcjwilliams1
10.21105/joss.03159,@cMadan,@0todd0000;@nicholst
10.21105/joss.02868,@cMadan,@NMontanaBrown;@justusschock;@lbugnon
10.21105/joss.02843,@dfm,@giordano;@semaphoreP
10.21105/joss.02854,@pdebuyl,@shreyasbapat;@jiwoncpark
10.21105/joss.02871,@drvinceknight,@jayten;@ctdegroot
10.21105/joss.02862,@eloisabentivegna,@albertonogueira;@joao-l-s-almeida;@jdmoorman
10.21105/joss.02842,@pdebuyl,@milancurcic;@bast
10.21105/joss.02845,@dfm,@afeinstein20;@mrtommyb
10.21105/joss.02844,@mjsottile,@jbytecode;@glemaitre
10.21105/joss.02826,@usethedata,@martibosch
10.21105/joss.02990,@arfon,@adi3;@sonal-raj
10.21105/joss.02817,@will-rowe,@johanneswerner;@jcmcnch
10.21105/joss.02801,@arfon,@hayesla;@samaloney
10.21105/joss.02815,@mikldk,@trashbirdecology;@jkarreth
10.21105/joss.02831,@Kevin-Mattheus-Moerman,@IgorBaratta;@chennachaos;@finsberg
10.21105/joss.02818,@jni,@rfezzani;@aplyer
10.21105/joss.02825,@xuanxu,@aureliocarnero;@zonca
10.21105/joss.02816,@csoneson,@pacoramon;@sachsmc
10.21105/joss.02828,@pdebuyl,@jordanperr;@tuelwer
10.21105/joss.02827,@arokem,@JonathanReardon;@emdupre
10.21105/joss.02863,@oliviaguest,@khinsen;@mnarayan
10.21105/joss.02829,@melissawm,@juliohm;@tpoisot
10.21105/joss.02810,@cMadan,@DominiqueMakowski;@mmrabe
10.21105/joss.02876,@kakiac,@schnorr
10.21105/joss.02798,@arfon,@arfon
10.21105/joss.02797,@arfon,@arfon
10.21105/joss.02804,@kbarnhart,@johnjarmitage;@cmshobe
10.21105/joss.02763,@mikldk,@gagolews;@brunaw
10.21105/joss.02781,@dhhagan,@neerajdhanraj;@darothen
10.21105/joss.02757,@mbobra,@JBorrow;@arjunsavel
10.21105/joss.02890,@dhhagan,@tscheypidi;@sahilseth
10.21105/joss.02784,@arfon,@williamjameshandley;@kexinrong
10.21105/joss.02911,@Kevin-Mattheus-Moerman,@melund;@BKillen05
10.21105/joss.02762,@kthyng,@kthyng
10.21105/joss.02761,@kthyng,@kthyng
10.21105/joss.02782,@kthyng,@marvinjonathcn;@tscheypidi
10.21105/joss.02765,@sjpfenninger,@konstantinstadler;@romainsacchi
10.21105/joss.02823,@eloisabentivegna,@suchitakulkarni;@bradkav
10.21105/joss.02855,@sbenthall,@soodoku;@sbenthall
10.21105/joss.02830,@melissawm,@jakryd;@dlfivefifty
10.21105/joss.02766,@leouieda,@sadielbartholomew;@ashiklom
10.21105/joss.02767,@jgostick,@marshallmcdonnell;@arose;@marshallmcdonnell
10.21105/joss.02800,@fboehm,@rmhogervorst;@jsgalan
10.21105/joss.02732,@mbobra,@mancellin;@sibirrer
10.21105/joss.02727,@Kevin-Mattheus-Moerman,@grlee77;@agahkarakuzu;@DARSakthi
10.21105/joss.02769,@timtroendle,@pratikvn;@sahilseth
10.21105/joss.02743,@fboehm,@raivivek;@dwinter
10.21105/joss.02813,@kthyng,@milankl;@visr
10.21105/joss.02744,@melissawm,@JamieJQuinn;@zhaowei0566
10.21105/joss.02741,@VivianePons,@milancurcic;@williamfgc
10.21105/joss.02824,@richardjgowers,@hmacdope;@lscalfi
10.21105/joss.02805,@galessiorob,@jdalzatec;@omshinde;@nuest;@martinfleis
10.21105/joss.02807,@arfon,@zingale;@rtfisher
10.21105/joss.02689,@jni,@bogovicj;@haesleinhuepf
10.21105/joss.02721,@KristinaRiemer,@kellykochanski;@arbennett
10.21105/joss.02814,@kyleniemeyer,@decaluwe;@fwitte
10.21105/joss.02879,@meg-simula,@jamtrott;@ramisetti
10.21105/joss.02670,@oliviaguest,@sneakers-the-rat;@pauldmccarthy
10.21105/joss.02695,@sjpfenninger,@brynpickering;@nmstreethran
10.21105/joss.02749,@sbenthall,@jarvist;@sambitdash
10.21105/joss.02685,@danielskatz,@gonsie;@carothersc
10.21105/joss.02812,@melissawm,@stsievert;@torressa
10.21105/joss.02706,@csoneson,@rrrlw;@emilydolson
10.21105/joss.02838,@dpsanders,@mturiansky;@mfherbst
10.21105/joss.02651,@danielskatz,@danielskatz
10.21105/joss.02809,@dpsanders,@goerz;@thowell
10.21105/joss.02654,@arfon,@danhey;@coljac
10.21105/joss.02674,@oliviaguest,@rougier;@rly
10.21105/joss.02668,@oliviaguest,@typically;@vitay
10.21105/joss.02653,@pdebuyl,@coatless;@agisga
10.21105/joss.02705,@Kevin-Mattheus-Moerman,@ethanwharris;@lbrea;@zhangfanmark
10.21105/joss.02699,@meg-simula,@chennachaos;@yangbai90
10.21105/joss.02768,@usethedata,@richardjgowers;@foeroyingur
10.21105/joss.02675,@oliviaguest,@matteomancini;@rly
10.21105/joss.02677,@sjpfenninger,@fneum;@willu47
10.21105/joss.02676,@galessiorob,@GregaVrbancic;@atanikan
10.21105/joss.02629,@mbobra,@teuben;@hasantahir
10.21105/joss.02694,@pibion,@jspaezp;@sigven
10.21105/joss.02646,@danielskatz,@skadio;@prw99r;@r-a-hoggarth
10.21105/joss.02643,@majensen,@xin-huang;@tkchafin
10.21105/joss.02669,@cMadan,@samhforbes;@paxtonfitzpatrick
10.21105/joss.02645,@meg-simula,@fcooper8472;@MiroK
10.21105/joss.02750,@dfm,@pravirkr;@paulray
10.21105/joss.02630,@mikldk,@nistara;@adithirgis
10.21105/joss.02614,@VivianePons,@juliohm;@sauln
10.21105/joss.02693,@pibion,@aquilesC;@caldarolamartin;@mwcraig
10.21105/joss.02671,@jgostick,@keipertk
10.21105/joss.02722,@mikldk,@xin-huang;@nthomasCUBE
10.21105/joss.02621,@oliviaguest,@TomDonoghue;@sappelhoff;@jamesheathers
10.21105/joss.02687,@meg-simula,@nschloe
10.21105/joss.02641,@arfon,@zackdraper;@joshspeagle
10.21105/joss.02663,@arokem,@bblais;@justusschock
10.21105/joss.02608,@harpolea,@AshKelly;@zpace
10.21105/joss.02783,@arfon,@mosteo;@carlosjoserg
10.21105/joss.02579,@jni,@will-moore;@sofroniewn
10.21105/joss.02585,@kbarnhart,@dbuscombe-usgs;@gassmoeller
10.21105/joss.02607,@terrytangyuan,@GregaVrbancic;@ethanwharris
10.21105/joss.02599,@diehlpk,@ziotom78;@andremrsantos
10.21105/joss.02638,@lpantano,@juanvillada
10.21105/joss.02664,@danielskatz,@rafaelfsilva;@Himscipy
10.21105/joss.02597,@harpolea,@eviatarbach;@sadielbartholomew
10.21105/joss.02575,@KristinaRiemer,@mccabete;@r-barnes
10.21105/joss.02791,@gkthiruvathukal,@kinow;@xirdneh
10.21105/joss.02596,@dfm,@smutch;@benjaminpope
10.21105/joss.02583,@mikldk,@sahilseth;@edifice1989
10.21105/joss.02581,@danielskatz,@olebole;@zpace
10.21105/joss.02717,@usethedata,@bradyrx
10.21105/joss.02563,@jgostick,@mkhorton
10.21105/joss.02554,@arfon,@Deech08;@TomGoffrey
10.21105/joss.02550,@dfm,@arm61;@eteq
10.21105/joss.02849,@terrytangyuan,@ablaom;@ppalmes
10.21105/joss.02578,@jni,@puolival
10.21105/joss.02558,@majensen,@Zethson;@arcuri82
10.21105/joss.02704,@terrytangyuan,@degleris1;@henrykironde
10.21105/joss.02514,@diehlpk,@gardner48;@debdeepbh
10.21105/joss.02556,@majensen,@amoeba;@Maghnuso
10.21105/joss.02582,@dfm,@sambit-giri;@sultanier
10.21105/joss.02521,@fboehm,@jacobsoj;@chainsawriot
10.21105/joss.02536,@xuanxu,@zingale;@grburgess
10.21105/joss.02564,@poulson,@jgoldfar;@vissarion;@matbesancon
10.21105/joss.02505,@dfm,@EiffL;@cranmer
10.21105/joss.02515,@VivianePons,@fruzsinaagocs;@wingtorres
10.21105/joss.02624,@jgostick,@yangbai90
10.21105/joss.02527,@Kevin-Mattheus-Moerman,@DARSakthi;@grlee77;@ritagnunes
10.21105/joss.02644,@sjpfenninger,@marouenbg;@krystophny
10.21105/joss.02513,@eloisabentivegna,@kegiljarhus;@bonh
10.21105/joss.02520,@Kevin-Mattheus-Moerman,@PetrKryslUCSD;@TeroFrondelius
10.21105/joss.02523,@oliviaguest,@cmparlettpelleriti;@tomfaulkenberry;@alexjonesphd
10.21105/joss.02472,@karthik,@rlbarter;@AliciaSchep
10.21105/joss.02752,@gkthiruvathukal,@giodegas;@traversaro
10.21105/joss.02584,@marcosvital,@lucask07;@DerJH
10.21105/joss.02673,@dpsanders,@jpfairbanks;@kescobo
10.21105/joss.02473,@will-rowe,@fmaguire;@boasvdp
10.21105/joss.02462,@mjsottile,@BastinRobin;@rodrigokataishi
10.21105/joss.02461,@kakiac,@pdwaggoner;@mbod
10.21105/joss.02497,@kthyng,@castelao;@chadagreene
10.21105/joss.02474,@fboehm,@janfreyberg
10.21105/joss.02576,@richardjgowers,@amandadumi;@govarguz
10.21105/joss.02463,@VivianePons,@daviddewhurst;@felixcremer
10.21105/joss.02481,@gkthiruvathukal,@ziatdinovmax;@macrocosme
10.21105/joss.02690,@hugoledoux,@npetra
10.21105/joss.02419,@danielskatz,@danielskatz
10.21105/joss.02445,@sbenthall,@cmaimone
10.21105/joss.02451,@will-rowe,@telatin;@rpetit3
10.21105/joss.02440,@csoneson,@giovp;@shazanfar;@vals
10.21105/joss.02484,@pibion,@cmbiwer
10.21105/joss.02411,@arfon,@bittremieux;@kaibioinfo
10.21105/joss.02430,@dfm,@dmentipl;@mtremmel
10.21105/joss.02432,@lpantano,@betteridiot;@afrubin
10.21105/joss.02425,@kthyng,@dhruvbalwada;@DamienIrving
10.21105/joss.02526,@mikldk,@daviddewhurst;@rrrlw
10.21105/joss.02449,@galessiorob,@jsgalan;@gweissman
10.21105/joss.02403,@diehlpk,@lukasheinrich;@arokem
10.21105/joss.02448,@galessiorob,@mbdemoraes;@nnadeau
10.21105/joss.02537,@hugoledoux,@liberostelios;@jvdkwast
10.21105/joss.02483,@usethedata,@arbennett
10.21105/joss.02637,@kbarnhart,@samuelduchesne;@robinroche
10.21105/joss.02439,@danielskatz,@geoffbacon;@proycon
10.21105/joss.02412,@jgostick,@rreinecke
10.21105/joss.02562,@trallard,@trallard;@abhishektha
10.21105/joss.02410,@lpantano,@joannawolthuis;@rowlandm
10.21105/joss.02594,@gkthiruvathukal,@sara-02;@tresoldi
10.21105/joss.02598,@dpsanders,@dmbates;@davidjohannesmeyer;@davidjohannesmeyer
10.21105/joss.02506,@cMadan,@gcdeshpande;@kinow
10.21105/joss.02352,@danielskatz,@bhatele;@davidbeckingsale
10.21105/joss.02565,@jedbrown,@eileenrmartin
10.21105/joss.02347,@arfon,@pearsonkyle;@RuthAngus
10.21105/joss.02382,@xuanxu,@christinahedges;@barentsen
10.21105/joss.02405,@kakiac,@Fil;@atanikan
10.21105/joss.02402,@fboehm,@tomsing1
10.21105/joss.02408,@kakiac,@skadio
10.21105/joss.02373,@richardjgowers,@mattwthompson;@hmacdope
10.21105/joss.02431,@Kevin-Mattheus-Moerman,@BKillen05;@mitkof6
10.21105/joss.02848,@marcosvital,@elimillera;@meenakshi-kushwaha;@nanhung
10.21105/joss.02363,@pibion,@nicholebarry;@aureliocarnero
10.21105/joss.02480,@sjpfenninger,@rafmudaf;@antviro
10.21105/joss.02338,@eloisabentivegna,@dgoldri25;@jangmys
10.21105/joss.02314,@arfon,@arfon
10.21105/joss.02318,@harpolea,@fcooper8472;@khinsen
10.21105/joss.02538,@hugoledoux,@kenohori
10.21105/joss.02369,@meg-simula,@thelfer;@AnjaliSandip
10.21105/joss.02409,@bstabler,@bstabler
10.21105/joss.02394,@oliviaguest,@eirini-zormpa;@wjakethompson;@jflournoy
10.21105/joss.02351,@danielskatz,@dghoshal-lbl;@uellue
10.21105/joss.02388,@mikldk,@tomsing1;@rcannood
10.21105/joss.02353,@csoneson,@afrubin;@andrefaure;@thorvere
10.21105/joss.02317,@diehlpk,@yangbai90;@teuben
10.21105/joss.02498,@Kevin-Mattheus-Moerman,@moorepants;@dineshresearch
10.21105/joss.02548,@Kevin-Mattheus-Moerman,@AnaWaldila;@CBenghi
10.21105/joss.02376,@will-rowe,@linuxscout;@mbod
10.21105/joss.02400,@gkthiruvathukal,@Smattr;@drj11
10.21105/joss.02348,@oliviaguest,@samhforbes;@szorowi1
10.21105/joss.02367,@richardjgowers,@malramsay64;@rmeli
10.21105/joss.02528,@sbenthall,@stulacy;@dormezil
10.21105/joss.02291,@diehlpk,@ilyasst
10.21105/joss.02606,@arfon,@Paul92;@urbanophile
10.21105/joss.02395,@arfon,@w4ngatang;@thomwolf
10.21105/joss.02424,@KristinaRiemer,@clauswilke;@a-r-j
10.21105/joss.02435,@dhhagan,@katyhuff;@gonsie
10.21105/joss.02266,@danielskatz,@gorlapraveen;@garrettj403
10.21105/joss.02339,@oliviaguest,@Emptymalei;@mstimberg
10.21105/joss.02287,@arfon,@hpparvi;@kevin218
10.21105/joss.02436,@pdebuyl,@jenzopr;@blakeaw
10.21105/joss.02307,@pdebuyl,@mdavezac
10.21105/joss.02328,@KristinaRiemer,@evaristor;@katmratliff
10.21105/joss.02507,@trallard,@sara-02;@linuxscout;@aozorahime
10.21105/joss.02580,@arfon,@phtomlins;@jdavidli
10.21105/joss.02305,@hugoledoux,@fbiljecki;@steflhermitte
10.21105/joss.02308,@dfm,@Gabriel-p;@astrom-tom
10.21105/joss.02281,@xuanxu,@hayesla;@mattpitkin
10.21105/joss.02381,@jgostick,@KedoKudo
10.21105/joss.02678,@dpsanders,@mlxd;@nmoran
10.21105/joss.02331,@majensen,@funasoul;@mstimberg
10.21105/joss.02696,@leouieda,@seisman;@ThomasLecocq
10.21105/joss.02362,@gkthiruvathukal,@cmccomb;@e-dub
10.21105/joss.02276,@kbarnhart,@r-barnes;@awickert;@KCallaghan
10.21105/joss.02306,@mikldk,@markhwhiteii;@mmrabe
10.21105/joss.02290,@VivianePons,@Ohjeah;@shah314
10.21105/joss.02272,@hugoledoux,@appelmar;@gena
10.21105/joss.02340,@oliviaguest,@craddm;@anibalsolon
10.21105/joss.02535,@cMadan,@ejhigson;@paul-buerkner
10.21105/joss.02392,@dpsanders,@henrik227;@alex-konovalov
10.21105/joss.02450,@bmcfee,@jaeyk;@edonnachie
10.21105/joss.02447,@marcosvital,@klmedeiros;@joethorley
10.21105/joss.02334,@lpantano,@lfaller;@erinyoung
10.21105/joss.02731,@arfon,@essepuntato;@alexdma
10.21105/joss.02349,@mbobra,@ma-sadeghi;@EricaEgg
10.21105/joss.02260,@mjsottile,@sivaramambikasaran;@adam-m-jcbs;@zeroset
10.21105/joss.02259,@mjsottile,@SirSharpest;@phckopper;@jizecn
10.21105/joss.02289,@danielskatz,@robinroche;@tonyelhabr
10.21105/joss.02404,@trallard,@AKuederle;@ejhigson
10.21105/joss.02232,@arfon,@nhejazi;@jjharden
10.21105/joss.02341,@kthyng,@zsylvester;@ebgoldstein
10.21105/joss.02293,@pdebuyl,@CFGrote
10.21105/joss.02316,@lorenanicole,@Chilipp;@mdpiper
10.21105/joss.02250,@arfon,@ibarraespinosa;@nistara
10.21105/joss.02292,@kbarnhart,@nickrsan;@jrkasprzyk;@dickinsonre
10.21105/joss.02407,@kbarnhart,@sadielbartholomew;@rabernat
10.21105/joss.02265,@usethedata,@myousefi2016;@JonasMoss
10.21105/joss.02313,@meg-simula,@gassmoeller;@pratikvn
10.21105/joss.02444,@poulson,@pitsianis;@Himscipy;@sarats
10.21105/joss.02283,@dfm,@jsgalan;@mtezzele
10.21105/joss.02241,@csoneson,@martinagvilas;@arbennett
10.21105/joss.02384,@dpsanders,@Shibabrat
10.21105/joss.02214,@dfm,@ejhigson;@joshspeagle
10.21105/joss.02343,@Kevin-Mattheus-Moerman,@grlee77;@mfroeling;@62442katieb
10.21105/joss.02286,@usethedata,@Shuang-Plum;@jwbuurlage
10.21105/joss.02372,@Kevin-Mattheus-Moerman,@hugoledoux;@jhale;@jonwong12
10.21105/joss.02284,@usethedata,@cbrueffer;@khinsen
10.21105/joss.02342,@marcosvital,@jdbrunner;@pstjohn;@synchon
10.21105/joss.02285,@oliviaguest,@paulinepalma;@Athanasiamo
10.21105/joss.02377,@oliviaguest,@Emma-k-ward;@sbuergers
10.21105/joss.02179,@arfon,@coljac;@krystophny
10.21105/joss.02181,@karthik,@tommyjones
10.21105/joss.02733,@drvinceknight,@trstewart212;@fgeertman
10.21105/joss.02165,@arfon,@platipodium
10.21105/joss.02154,@terrytangyuan,@bmcfee;@faroit
10.21105/joss.02180,@gkthiruvathukal,@ejhigson
10.21105/joss.02175,@richardjgowers,@amritagos;@luthaf
10.21105/joss.02160,@dfm,@xwang862;@malramsay64
10.21105/joss.02168,@majensen,@wdduncan;@balhoff
10.21105/joss.02174,@terrytangyuan,@sara-02;@ejhigson
10.21105/joss.02158,@xuanxu,@celliern;@mstimberg
10.21105/joss.02172,@kthyng,@JeffWalton-PSC;@rmsare
10.21105/joss.02161,@majensen,@rcannood;@corybrunson
10.21105/joss.02182,@dpsanders,@TomGoffrey;@StanczakDominik
10.21105/joss.02157,@richardjgowers,@dotsdl;@rmeli;@amandadumi
10.21105/joss.02169,@VivianePons,@igarizio;@mbdemoraes
10.21105/joss.02170,@lpantano,@dcassol
10.21105/joss.02604,@kyleniemeyer,@cryos;@rajeshrinet
10.21105/joss.02135,@terrytangyuan,@mulhod;@faroit
10.21105/joss.02176,@jedbrown,@jbrezmorf;@rpodgorney
10.21105/joss.02171,@sjpfenninger,@gschivley
10.21105/joss.02136,@oliviaguest,@BayesforDays;@sara-02
10.21105/joss.02315,@drvinceknight,@gvegayon;@nikoleta-v3
10.21105/joss.02178,@kyleniemeyer,@arosen93;@corentin-dev
10.21105/joss.02173,@arfon,@JonathanReardon;@ejhigson
10.21105/joss.02125,@mbobra,@hpparvi;@DingXuefeng
10.21105/joss.02105,@danielskatz,@Luthaf;@rcannood
10.21105/joss.02122,@arfon,@kboone;@temuller
10.21105/joss.02123,@jedbrown,@josephhardinee
10.21105/joss.02117,@cMadan,@kblin;@mkhorton
10.21105/joss.02104,@terrytangyuan,@sixpearls;@dawbarton
10.21105/joss.02145,@mjsottile,@1313e;@fccoelho
10.21105/joss.02102,@danielskatz,@utf;@taylor-a-barnes
10.21105/joss.02088,@oliviaguest,@Cognitive-Modeller;@DivyaSeernani
10.21105/joss.02121,@Kevin-Mattheus-Moerman,@likask;@agshvarts;@srmnitc;@chennachaos
10.21105/joss.02185,@jedbrown,@cpgr;@iljah
10.21105/joss.02089,@Kevin-Mattheus-Moerman,@nathanquinlan;@chennachaos;@JaroslavHron
10.21105/joss.02116,@cMadan,@strengejacke;@aj2duncan
10.21105/joss.02095,@kyleniemeyer,@harpolea;@dlagrava
10.21105/joss.02101,@xuanxu,@christinahedges;@aureliocarnero
10.21105/joss.02164,@marcosvital,@alletsee;@andybega
10.21105/joss.02076,@lpantano,@natir;@FlorianThibord
10.21105/joss.02075,@kbarnhart,@katmratliff;@conlin-matt;@chrisleaman
10.21105/joss.02103,@dfm,@nespinoza;@rodluger
10.21105/joss.02119,@will-rowe,@jdeligt;@brentp
10.21105/joss.02073,@arfon,@brandondube;@DiegoJRR
10.21105/joss.02079,@csoneson,@fabian-s;@LTLA
10.21105/joss.02077,@lpantano,@i-mtz;@JoaoRodrigues
10.21105/joss.02072,@drvinceknight,@pdebuyl;@markgalassi
10.21105/joss.02134,@marcosvital,@tomfaulkenberry;@JonathanReardon
10.21105/joss.02050,@mbobra,@hayesla;@jessie-dotson
10.21105/joss.02083,@sjpfenninger,@bradyrx;@scivision
10.21105/joss.02071,@kthyng,@kthyng
10.21105/joss.02038,@arfon,@arfon
10.21105/joss.02048,@xuanxu,@warrickball;@ipelupessy
10.21105/joss.02049,@melissawm,@petroniocandido
10.21105/joss.02042,@sjpfenninger,@Chilipp;@dsryberg
10.21105/joss.02066,@kyleniemeyer,@ebgoldstein;@fclubb
10.21105/joss.02111,@akeshavan,@jayrobwilliams;@paulgovan
10.21105/joss.02028,@kyleniemeyer,@kyleniemeyer
10.21105/joss.02061,@will-rowe,@mschubert;@jenzopr
10.21105/joss.02043,@kbarnhart,@joa-quim;@daniellivingston
10.21105/joss.02379,@karthik,@karthik;@njtierney
10.21105/joss.02026,@csoneson,@lbugnon;@SirSharpest;@RealPolitiX
10.21105/joss.02030,@lpantano,@dangeles;@YichaoOU
10.21105/joss.02153,@gkthiruvathukal,@mado89;@jaynanavati
10.21105/joss.02106,@trallard,@Ebedthan;@AKuederle
10.21105/joss.02013,@drvinceknight,@bahung;@kellieotto
10.21105/joss.02004,@mbobra,@tacaswell;@wafels
10.21105/joss.02074,@arokem,@iljah;@nicoguaro
10.21105/joss.02183,@VivianePons,@mzszym;@victorvalgenti
10.21105/joss.02063,@kthyng,@jessicaaustin;@evanleeturner
10.21105/joss.01990,@lpantano,@coughls;@druvus
10.21105/joss.01987,@arfon,@ygrange;@KshitijAggarwal
10.21105/joss.02014,@will-rowe,@lamhm;@betteridiot
10.21105/joss.01991,@csoneson,@lmweber;@clauswilke
10.21105/joss.01994,@will-rowe,@standage;@luizirber
10.21105/joss.02044,@majensen,@wrathematics;@SiminaB;@rhagenson
10.21105/joss.01981,@csoneson,@standage;@tomsing1
10.21105/joss.02018,@kthyng,@funsim;@ysimillides
10.21105/joss.02094,@meg-simula,@streeve;@ralfHielscher
10.21105/joss.02006,@majensen,@alvarolopez;@mamcdona77
10.21105/joss.01978,@kbarnhart,@cmillion;@mollenburger
10.21105/joss.01986,@gkthiruvathukal,@geoffbacon;@desilinguist
10.21105/joss.02003,@arfon,@srmnitc;@IgorBaratta
10.21105/joss.01958,@dfm,@effigies;@mnarayan
10.21105/joss.01979,@majensen,@timClicks;@tleonardi
10.21105/joss.02107,@arfon,@stuartcampbell;@dvanic
10.21105/joss.02027,@terrytangyuan,@frycast;@expectopatronum
10.21105/joss.01957,@terrytangyuan,@ryEllison;@aozorahime
10.21105/joss.01969,@kbarnhart,@brendonhall;@JesperDramsch;@jessepisel
10.21105/joss.01956,@will-rowe,@leios;@ninjin
10.21105/joss.02007,@gkthiruvathukal,@remram44;@ixjlyons
10.21105/joss.02017,@akeshavan,@clauswilke;@njtierney
10.21105/joss.02008,@mjsottile,@rasmussn;@ethan-nelson
10.21105/joss.01935,@kthyng,@dvalters;@nicgaspar
10.21105/joss.02029,@arfon,@frengers;@stoor001;@khaors
10.21105/joss.02120,@meg-simula,@srmnitc;@nnadeau
10.21105/joss.01943,@danielskatz,@hmaarrfk;@martindurant
10.21105/joss.01926,@danielskatz,@danielskatz
10.21105/joss.01960,@gkthiruvathukal,@arcuri82;@danieledipompeo
10.21105/joss.01944,@drvinceknight,@EduPH;@mzszym;@corybrunson
10.21105/joss.01959,@arokem,@professoralkmin;@ryEllison
10.21105/joss.01940,@xuanxu,@Gabriel-p;@HeloiseS
10.21105/joss.01945,@majensen,@dgasmith;@mkhorton
10.21105/joss.01992,@csoneson,@floux;@olivertomic
10.21105/joss.01982,@mjsottile,@szorowi1;@mnarayan
10.21105/joss.02011,@danielskatz,@eschnett;@jwuttke
10.21105/joss.01941,@marcosvital,@wjakethompson;@jrosen48;@markhwhiteii
10.21105/joss.01915,@will-rowe,@bede;@afrubin
10.21105/joss.01983,@akeshavan,@serine;@vc1492a
10.21105/joss.01914,@arfon,@arfon
10.21105/joss.01910,@Kevin-Mattheus-Moerman,@agricolab;@DARSakthi;@mwptrsn
10.21105/joss.01903,@terrytangyuan,@nhejazi
10.21105/joss.02034,@katyhuff,@sjpfenninger;@ali-ramadhan
10.21105/joss.01891,@danielskatz,@luizirber;@djmitche
10.21105/joss.01890,@kbarnhart,@csherwood-usgs;@edlazarus;@ncohn
10.21105/joss.02016,@arfon,@ati-ozgur;@dvberkel
10.21105/joss.02060,@Kevin-Mattheus-Moerman,@danasolav
10.21105/joss.01884,@dfm,@zingale;@matthewturk
10.21105/joss.01880,@kyleniemeyer,@kyleniemeyer
10.21105/joss.01906,@melissawm,@sivaramambikasaran;@pitsianis
10.21105/joss.01885,@labarba,@petebachant;@rafmudaf
10.21105/joss.01886,@arfon,@arfon
10.21105/joss.01912,@melissawm,@juliohm;@matbesancon
10.21105/joss.01900,@oliviaguest,@nicksexton;@russellpierce
10.21105/joss.01918,@jedbrown,@dhhagan;@andreas-h
10.21105/joss.01896,@arokem,@jdkent;@TomDonoghue
10.21105/joss.01863,@arfon,@MaaniBeigy;@vbaliga
10.21105/joss.01911,@melissawm,@nmstreethran;@potterzot
10.21105/joss.01931,@drvinceknight,@dawbarton;@marcharper
10.21105/joss.01942,@majensen,@Chilipp;@pythonpanda2
10.21105/joss.01857,@danielskatz,@danielskatz
10.21105/joss.01856,@danielskatz,@danielskatz
10.21105/joss.01881,@xuanxu,@mgckind;@aureliocarnero
10.21105/joss.01889,@dfm,@zonca;@pqrs6
10.21105/joss.02166,@cMadan,@gkiar;@yarikoptic
10.21105/joss.01867,@Kevin-Mattheus-Moerman,@hooman650;@PGomes92;@paulvangentcom
10.21105/joss.01844,@danielskatz,@gonsie;@marksantcroos
10.21105/joss.01862,@arokem,@janfreyberg;@neuroimaginador
10.21105/joss.01864,@xuanxu,@benjaminrose;@mattpitkin
10.21105/joss.01882,@leouieda,@ResidentMario;@martinfleis
10.21105/joss.01868,@dfm,@kjappelbaum;@mdoucet
10.21105/joss.01829,@kthyng,@kthyng
10.21105/joss.01831,@will-rowe,@amritagos;@richardjgowers
10.21105/joss.01865,@melissawm,@wholmgren;@dalonsoa
10.21105/joss.01824,@melissawm,@lucydot;@bocklund
10.21105/joss.01839,@majensen,@sjvrijn;@sarats
10.21105/joss.01970,@VivianePons,@sptennak
10.21105/joss.01830,@cMadan,@dsurujon;@ManuelaS
10.21105/joss.01828,@mbobra,@ali-ramadhan;@ashwinvis
10.21105/joss.01870,@trallard,@melund;@demotu
10.21105/joss.01837,@majensen,@daissi;@stulacy
10.21105/joss.01815,@drvinceknight,@rreinecke;@gradvohl
10.21105/joss.01808,@leouieda,@ThomasLecocq;@seisman
10.21105/joss.01807,@drvinceknight,@martibosch;@geraintpalmer
10.21105/joss.01833,@kyleniemeyer,@brynpickering;@ThibaultMarzullo
10.21105/joss.01834,@arfon,@steven-murray;@williamjameshandley
10.21105/joss.01832,@arfon,@mwcraig;@ceb8
10.21105/joss.01798,@terrytangyuan,@acolum;@expectopatronum
10.21105/joss.01809,@mbobra,@ziotom78;@zhampel
10.21105/joss.01799,@terrytangyuan,@puolival;@yzhao062
10.21105/joss.01812,@mjsottile,@xoolive;@rljacobson;@dagit
10.21105/joss.01989,@labarba,@story645;@tacaswell
10.21105/joss.01796,@majensen,@briatte;@amoeba
10.21105/joss.01811,@drvinceknight,@dlfivefifty;@dpsanders
10.21105/joss.01818,@kbarnhart,@andreww;@seisman;@brmather
10.21105/joss.01850,@mjsottile,@cscherrer;@jgoldfar;@osorensen
10.21105/joss.01771,@xuanxu,@Juanlu001;@wtgee
10.21105/joss.01820,@mbobra,@JonasMoss;@steffilazerte
10.21105/joss.01777,@kthyng,@martibosch;@daniellivingston
10.21105/joss.01800,@arfon,@jgonggrijp;@elektrobohemian
10.21105/joss.01775,@arfon,@cmbiwer;@matteobachetti
10.21105/joss.01821,@oliviaguest,@izaromanowska;@soodoku
10.21105/joss.02177,@hugoledoux,@Athelena;@fortinma
10.21105/joss.01762,@csoneson,@luizirber;@peterwc
10.21105/joss.01774,@lpantano,@harpolea;@KayleighRutherford
10.21105/joss.01759,@drvinceknight,@inakleinbottle;@virgesmith
10.21105/joss.01776,@meg-simula,@sgrieve;@tristan-salles
10.21105/joss.01746,@terrytangyuan,@sbrugman;@casperdcl;@EduPH
10.21105/joss.01866,@oliviaguest,@rickecon;@JohnCoene
10.21105/joss.01848,@meg-simula,@finsberg;@SirSharpest
10.21105/joss.01738,@kyleniemeyer,@adi3;@CameronDevine
10.21105/joss.01843,@jedbrown,@HaoZeke
10.21105/joss.01756,@arfon,@sjvrijn;@stulacy
10.21105/joss.01904,@arokem,@bernease;@osolari
10.21105/joss.01742,@mgymrek,@nhejazi;@mikmaksi
10.21105/joss.01761,@mgymrek,@juanvillada;@jsgalan
10.21105/joss.01722,@terrytangyuan,@svmiller;@TiagoVentura
10.21105/joss.01778,@arfon,@finsberg;@abhishektha
10.21105/joss.01816,@karthik,@vchuravy;@ahwillia
10.21105/joss.01757,@arfon,@tukss;@pgrete
10.21105/joss.01797,@leouieda,@gassmoeller;@gabersyd
10.21105/joss.01745,@mbobra,@amritagos;@sarats
10.21105/joss.01835,@VivianePons,@alex-konovalov;@falque
10.21105/joss.01701,@meg-simula,@HaoZeke;@dham
10.21105/joss.01698,@labarba,@jrperilla;@HaoZeke
10.21105/joss.01825,@Kevin-Mattheus-Moerman,@isaacvandor;@bw4sz
10.21105/joss.01721,@xuanxu,@melissawm;@zonca
10.21105/joss.01699,@kthyng,@zbeekman
10.21105/joss.01700,@jedbrown,@adambeall;@gbruer15;@HaoZeke
10.21105/joss.01693,@kthyng,@dawbarton;@Shibabrat
10.21105/joss.01822,@Kevin-Mattheus-Moerman,@thomakra;@Atif-Anwer
10.21105/joss.01725,@Kevin-Mattheus-Moerman,@grlee77;@mathieuboudreau
10.21105/joss.01773,@arfon,@amritagos;@carlocamilloni
10.21105/joss.01684,@kthyng,@dpsanders;@JoshKarpel
10.21105/joss.01683,@xuanxu,@mattpitkin;@duncanmmacleod
10.21105/joss.01706,@arokem,@mkearney;@nkratzke
10.21105/joss.01731,@lpantano,@acolum;@pholme
10.21105/joss.01704,@katyhuff,@PingjunChen;@dgursoy
10.21105/joss.01705,@katyhuff,@PhilipVinc;@poulson
10.21105/joss.01667,@arokem,@bmcfee;@hagenw
10.21105/joss.01674,@danielskatz,@timClicks;@linuxscout
10.21105/joss.01720,@leouieda,@malmans2;@banesullivan
10.21105/joss.01665,@csoneson,@jdeligt;@jkanche
10.21105/joss.01666,@oliviaguest,@dmbates;@ahwillia
10.21105/joss.01650,@katyhuff,@kellyrowland;@sskutnik
10.21105/joss.01849,@cMadan,@danasolav;@sreschechtko
10.21105/joss.01651,@terrytangyuan,@shreyasbapat;@DanielLenz
10.21105/joss.01751,@arfon,@jhollist;@ha0ye
10.21105/joss.01662,@cMadan,@tomfaulkenberry;@russellpierce
10.21105/joss.01675,@mbobra,@henrik227;@SirSharpest
10.21105/joss.01686,@karthik,@ldecicco-USGS;@jeffreyhanson
10.21105/joss.01732,@Kevin-Mattheus-Moerman,@heprom;@KedoKudo;@chennachaos
10.21105/joss.01642,@oliviaguest,@wkearn;@mancellin
10.21105/joss.01661,@arfon,@ViniciusBRodrigues;@lsw5077
10.21105/joss.01643,@mgymrek,@SirSharpest;@marouenbg
10.21105/joss.01636,@danielskatz,@zingale;@rtfisher
10.21105/joss.01632,@arfon,@zhampel;@nespinoza
10.21105/joss.01627,@arfon,@arfon
10.21105/joss.01716,@jedbrown,@jmlarson1;@gonsie
10.21105/joss.01663,@lheagy,@eskofier;@ikarosilva
10.21105/joss.01635,@csoneson,@iimog;@gavinmdouglas
10.21105/joss.01763,@drvinceknight,@MikeLydeamore;@EduPH
10.21105/joss.01717,@gkthiruvathukal,@rlskoeser;@vc1492a
10.21105/joss.01612,@jedbrown,@arosen93;@shivupa;@colleeneb
10.21105/joss.01631,@cMadan,@conradsnicta;@thejanzimmermann
10.21105/joss.01764,@alexhanna,@benmarwick;@tomfaulkenberry
10.21105/joss.01601,@terrytangyuan,@lionel68 @joethorley
10.21105/joss.01610,@lpantano,@tleonardi;@dsurujon;@dmnfarrell
10.21105/joss.01603,@terrytangyuan,@vsoch
10.21105/joss.01656,@terrytangyuan,@zhampel;@jrbourbeau
10.21105/joss.01637,@arokem,@nstikov;@vsoch
10.21105/joss.01589,@csoneson,@jdeligt;@holtgrewe
10.21105/joss.01596,@lpantano,@SaskiaFreytag;@kevinrue
10.21105/joss.01592,@gkthiruvathukal,@ts-adi
10.21105/joss.01621,@xuanxu,@ctdegroot;@dandavies99
10.21105/joss.01591,@alexhanna,@igarizio;@taqtiqa-mark
10.21105/joss.01628,@leouieda,@vsoch;@Fil
10.21105/joss.01655,@poulson,@hausen;@oesteban;@stsievert
10.21105/joss.01577,@labarba,@tingyu66;@rioyokota
10.21105/joss.01629,@kyleniemeyer,@tcausgrove;@FaustinCarter
10.21105/joss.01572,@arfon,@sctyner;@strengejacke
10.21105/joss.01566,@terrytangyuan,@gvegayon
10.21105/joss.01576,@terrytangyuan,@GregaVrbancic;@sepandhaghighi
10.21105/joss.01573,@danielskatz,@jgoldfar;@ahwillia
10.21105/joss.01606,@danielskatz,@jbasney;@jteheran
10.21105/joss.01593,@csoneson,@BarryDeCicco;@joethorley
10.21105/joss.01614,@xuanxu,@mgckind;@aureliocarnero
10.21105/joss.01626,@brainstorm,@rougier;@satra
10.21105/joss.01587,@arokem,@klmedeiros
10.21105/joss.01768,@kthyng,@ethanwhite;@jsta
10.21105/joss.01555,@labarba,@hariradh
10.21105/joss.01609,@poulson,@ajgates42;@Autoplectic
10.21105/joss.01584,@lpantano,@rbatorsky;@olgabot
10.21105/joss.01556,@mbobra,@dhhagan;@rreinecke
10.21105/joss.01541,@cMadan,@paul-buerkner;@tjmahr
10.21105/joss.01545,@lpantano,@stulacy;@suresh-lab
10.21105/joss.01554,@xuanxu,@garrettj403;@zhampel
10.21105/joss.01540,@lpantano,@gavinmdouglas;@giraola
10.21105/joss.01708,@brainstorm,@GullyAPCBurns;@gbader
10.21105/joss.01611,@jedbrown,@Datseris
10.21105/joss.01543,@katyhuff,@fcontino
10.21105/joss.01578,@gkthiruvathukal,@daissi
10.21105/joss.01544,@lheagy,@santisoler
10.21105/joss.01531,@gkthiruvathukal,@dvberkel
10.21105/joss.01532,@kyleniemeyer,@usethedata;@faustincarter;@cfneese
10.21105/joss.01542,@usethedata,@monogan;@andrewheiss
10.21105/joss.01518,@danielskatz,@junzis;@espinielli
10.21105/joss.01533,@csoneson,@rabdill;@andreysmelter
10.21105/joss.01613,@Kevin-Mattheus-Moerman,@apsabelhaus;@vaishnavtv;@ctdegroot
10.21105/joss.01505,@csoneson,@osorensen;@jjharden
10.21105/joss.01524,@mbobra,@desilinguist;@paragkulkarni11
10.21105/joss.01530,@kthyng,@kbarnhart;@hugoledoux
10.21105/joss.01520,@lpantano,@adriancbondia;@arunhpatil
10.21105/joss.01509,@mgymrek,@nhejazi;@terrytangyuan
10.21105/joss.01506,@kthyng,@tomchor;@platipodium
10.21105/joss.01504,@mbobra,@ejolly;@hooman650
10.21105/joss.01570,@poulson,@mdoucet;@stuartcampbell;@vyasr
10.21105/joss.01500,@mgymrek,@Benjamin-Lee
10.21105/joss.01483,@kyleniemeyer,@kyleniemeyer
10.21105/joss.01508,@alexhanna,@soodoku;@mkearney
10.21105/joss.01488,@mbobra,@PingjunChen;@acolum
10.21105/joss.01620,@cMadan,@RingoHHuang;@adswa
10.21105/joss.01539,@trallard,@melund;@trallard
10.21105/joss.01474,@danielskatz,@zbeekman;@tclune
10.21105/joss.01473,@karthik,@jhollist
10.21105/joss.01511,@leouieda,@weikang9009;@darribas
10.21105/joss.01469,@arfon,@mattpitkin;@nespinoza
10.21105/joss.01465,@brainstorm,@vladsaveliev
10.21105/joss.01525,@kyleniemeyer,@FelixHenninger;@JonathanReardon
10.21105/joss.01462,@alexhanna,@tweed1e
10.21105/joss.01468,@arfon,@zbeekman;@andreas-h
10.21105/joss.01487,@danielskatz,@StewMH;@mdavezac
10.21105/joss.01486,@katyhuff,@kellyrowland;@pshriwise
10.21105/joss.01444,@alexhanna,@terrytangyuan;@pdwaggoner
10.21105/joss.01466,@labarba,@melund;@ixjlyons
10.21105/joss.01513,@usethedata,@jimmccusker
10.21105/joss.01494,@gkthiruvathukal,@gradvohl
10.21105/joss.01461,@katyhuff,@jmborr;@arose
10.21105/joss.01441,@jedbrown,@tjhei;@chrisrichardson;@Kevin-Mattheus-Moerman
10.21105/joss.01463,@jedbrown,@akelbert;@emersodb;@lukeolson
10.21105/joss.01434,@csoneson,@corybrunson;@seabbs
10.21105/joss.01442,@karthik,@joey711
10.21105/joss.01493,@karthik,@mschubert;@mllg
10.21105/joss.01426,@xuanxu,@Juanlu001
10.21105/joss.01478,@arokem,@dirmeier
10.21105/joss.01435,@csoneson,@vjcitn;@rcorty
10.21105/joss.01480,@jasonclark,@kellieotto
10.21105/joss.01425,@leouieda,@camillescott;@vc1492a
10.21105/joss.01427,@arokem,@fabian-s
10.21105/joss.01412,@karthik,@alexpghayes
10.21105/joss.01517,@trallard,@dangunter;@krother;@rougier
10.21105/joss.01404,@csoneson,@dirmeier;@dmbates
10.21105/joss.01417,@katyhuff,@djmitche;@jarvist
10.21105/joss.01414,@xuanxu,@tacaswell
10.21105/joss.01400,@jedbrown,@iljah;@markadams
10.21105/joss.01421,@Kevin-Mattheus-Moerman,@modenaxe;@demotu
10.21105/joss.01393,@arfon,@Cadair
10.21105/joss.01451,@leouieda,@gassmoeller;@leguark
10.21105/joss.01411,@lpantano,@vbarrera
10.21105/joss.01387,@arfon,@lpueyo
10.21105/joss.01420,@arokem,@annoviko
10.21105/joss.01450,@leouieda,@Chilipp;@nicoguaro
10.21105/joss.01407,@csoneson,@hrhotz;@jkanche;@imallona
10.21105/joss.01399,@xuanxu,@zingale
10.21105/joss.01448,@usethedata,@lucask07;@ixjlyons
10.21105/joss.01423,@lpantano,@darogan
10.21105/joss.01388,@brainstorm,@andreysmelter;@crew102
10.21105/joss.01408,@lheagy,@choldgraf
10.21105/joss.01409,@alexhanna,@u01ai11
10.21105/joss.01397,@xuanxu,@melissawm
10.21105/joss.01485,@gkthiruvathukal,@sepandhaghighi
10.21105/joss.01358,@lheagy,@JKutt
10.21105/joss.01361,@usethedata,@symmy596;@utf
10.21105/joss.01364,@lpantano,@druvus
10.21105/joss.01389,@katyhuff,@janfreyberg;@justinshenk
10.21105/joss.01370,@kyleniemeyer,@MatthewTurk;@RemiLehe;@cmsquared
10.21105/joss.01349,@arfon,@yxliang01;@sgyzetrov;@1138-4EB
10.21105/joss.01418,@brainstorm,@luizirber
10.21105/joss.01352,@xuanxu,@aquilesC
10.21105/joss.01341,@leouieda,@mikaem;@harpolea
10.21105/joss.01344,@lpantano,@mistrm82
10.21105/joss.01356,@Kevin-Mattheus-Moerman,@mrava87;@poulson
10.21105/joss.01351,@VivianePons,@dvalters;@VivianePons
10.21105/joss.01342,@leouieda,@kbenoit;@trinker
10.21105/joss.01371,@poulson,@jordigh;@drvinceknight;@alex-konovalov
10.21105/joss.01410,@VivianePons,@santisoler
10.21105/joss.01453,@alexhanna,@jameshclrk;@malmaud
10.21105/joss.01322,@alexhanna,@briatte;@andrewheiss
10.21105/joss.01385,@poulson,@abelsiqueira;@matbesancon
10.21105/joss.01359,@usethedata,@ManuelaS
10.21105/joss.01331,@brainstorm,@IgorBaratta
10.21105/joss.01345,@gkthiruvathukal,@gweissman
10.21105/joss.01390,@trallard,@rpetit3;@lowandrew
10.21105/joss.01458,@cMadan,@vc1492a;@jg-you
10.21105/joss.01350,@karthik,@shaunpwilkinson
10.21105/joss.01317,@trallard,@becarioprecario;@sunhwan
10.21105/joss.01315,@leouieda,@ixjlyons;@lmcinnes
10.21105/joss.01340,@VivianePons,@iljah;@rainwoodman
10.21105/joss.01363,@lpantano,@wmegchel;@prasunanand
10.21105/joss.01336,@VivianePons,@vc1492a;@justinshenk
10.21105/joss.01360,@alexhanna,@davekinkead
10.21105/joss.01313,@cMadan,@andrewheiss
10.21105/joss.01316,@brainstorm,@betteridiot
10.21105/joss.01298,@xuanxu,@harpolea
10.21105/joss.01294,@cMadan,@grlee77
10.21105/joss.01299,@lpantano,@CosteaPaul
10.21105/joss.01287,@pjotrp,@agisga
10.21105/joss.01281,@danielskatz,@danielskatz
10.21105/joss.01296,@usethedata,@yxqd;@cr458
10.21105/joss.01276,@usethedata,@usthedata
10.21105/joss.01284,@leouieda,@matbesancon;@aguang
10.21105/joss.01279,@xuanxu,@acolum;@aj2duncan
10.21105/joss.01295,@arokem,@snastase
10.21105/joss.01269,@pjotrp,@avhoeck
10.21105/joss.01266,@lpantano,@jdeligt
10.21105/joss.01326,@gkthiruvathukal,@CameronDevine;@trallard
10.21105/joss.01265,@labarba,@mikaem;@ngoldbaum
10.21105/joss.01272,@arokem,@TomDLT
10.21105/joss.01286,@pjotrp,@robinweide
10.21105/joss.01337,@gkthiruvathukal,@homonecloco
10.21105/joss.01247,@arfon,@gnarayan
10.21105/joss.01312,@labarba,@cboettig;@benmarwick
10.21105/joss.01392,@trallard,@cmccomb;@nicoguaro
10.21105/joss.01239,@labarba,@inducer;@piyueh
10.21105/joss.01257,@cMadan,@andrewheusser
10.21105/joss.01236,@pjotrp,@george-githinji
10.21105/joss.01234,@arfon,@ygrange
10.21105/joss.01240,@poulson,@HaoZeke
10.21105/joss.01327,@labarba,@lucydot;@mkhorton
10.21105/joss.01330,@jasonclark,@djmitche
10.21105/joss.01278,@poulson,@HaoZeke;@vissarion
10.21105/joss.01260,@trallard,@rrrlw;@strengejacke
10.21105/joss.01306,@katyhuff,@vahtras;@mkhorton
10.21105/joss.01249,@arfon,@taldcroft
10.21105/joss.01255,@mgymrek,@byandell
10.21105/joss.01445,@danielskatz,@cgravill;@PrashantVaidyanathan
10.21105/joss.01291,@Kevin-Mattheus-Moerman,@trallard;@piermorel
10.21105/joss.01225,@danielskatz,@studywolf;@jenskober
10.21105/joss.01285,@yochannah,@alexhanna
10.21105/joss.01210,@labarba,@bocklund;@mkhorton
10.21105/joss.01229,@arokem,@fonnesbeck
10.21105/joss.01216,@yochannah,@ixjlyons;@sgrieve
10.21105/joss.01220,@arfon,@kevin-flaherty
10.21105/joss.01228,@brainstorm,@Benjamin-Lee
10.21105/joss.01230,@poulson,@adavidzh
10.21105/joss.01264,@VivianePons,@pajaskowiak
10.21105/joss.01221,@lheagy,@sjsrey;@edzer
10.21105/joss.01207,@lheagy,@Fil
10.21105/joss.01181,@arfon,@arfon
10.21105/joss.01203,@labarba,@benoitpaillard;@Juanlu001
10.21105/joss.01189,@brainstorm,@HaoZeke
10.21105/joss.01231,@labarba,@FaustinCarter;@josephhardinee;@PaulKGrimes
10.21105/joss.01193,@yochannah,@ja-thomas;@schalkdaniel
10.21105/joss.01191,@trallard,@lucask07;@peircej
10.21105/joss.01167,@jedbrown,@poulson
10.21105/joss.01209,@labarba,@ncclementi;@vyasr
10.21105/joss.01168,@katyhuff,@myousefi2016;@mdoucet
10.21105/joss.01190,@brainstorm,@arokem
10.21105/joss.01172,@arokem,@brainstorm
10.21105/joss.01252,@cMadan,@stefanv
10.21105/joss.01204,@cMadan,@grlee77;@JoshKarpel
10.21105/joss.01262,@Kevin-Mattheus-Moerman,@r-barnes
10.21105/joss.01173,@kyleniemeyer,@Kevin-Mattheus-Moerman;@vijaysm
10.21105/joss.01292,@Kevin-Mattheus-Moerman,@chrisrichardson
10.21105/joss.01166,@Kevin-Mattheus-Moerman,@ssfrr;@jfsantos
10.21105/joss.01143,@arfon,@malmaud;@mattpitkin
10.21105/joss.01157,@danielskatz,@Chilipp;@taqtiqa-mark
10.21105/joss.01185,@katyhuff,@trallard;@behollister
10.21105/joss.01148,@pjotrp,@Arafatk
10.21105/joss.01237,@jedbrown,@rafat;@souopgui
10.21105/joss.01160,@brainstorm,@pdiakumis
10.21105/joss.01141,@yochannah,@daissi;@ivergara
10.21105/joss.01145,@mgymrek,@rmflight
10.21105/joss.01208,@danielskatz,@lrasmus;@CBenghi
10.21105/joss.01130,@arfon,@wtgee
10.21105/joss.01159,@brainstorm,@luizirber
10.21105/joss.01136,@lheagy,@techas;@tth030
10.21105/joss.01169,@katyhuff,@mnarayan;@djmitche
10.21105/joss.01118,@danielskatz,@StewMH;@henrik227
10.21105/joss.01146,@pjotrp,@urbanslug
10.21105/joss.01328,@lheagy,@dvalters
10.21105/joss.01137,@kyleniemeyer,@bryanwweber;@puncan
10.21105/joss.01147,@jedbrown,@sarats;@sjvrijn;@mmenickelly
10.21105/joss.01111,@arokem,@jmhernan
10.21105/joss.01244,@jedbrown,@dblarremore;@tkonolige
10.21105/joss.01144,@mgymrek,@richyanicky
10.21105/joss.01102,@karthik,@arfon
10.21105/joss.01186,@pjotrp,@azneto
10.21105/joss.01108,@trallard,@tonygon;@marcopus;@acolum
10.21105/joss.01098,@karthik,@Pakillo
10.21105/joss.01095,@lheagy,@jtmiclat;@Chilipp
10.21105/joss.01091,@karthik,@arfon
10.21105/joss.01273,@jedbrown,@mtobis
10.21105/joss.01132,@arokem,@jsgalan
10.21105/joss.01096,@yochannah,@trinker;@corybrunson
10.21105/joss.01112,@kthyng,@edoddridge;@ChrisBarker-NOAA
10.21105/joss.01115,@arfon,@betteridiot
10.21105/joss.01097,@danielskatz,@djmitche;@tanaken-basis
10.21105/joss.01081,@cMadan,@danielemarinazzo;@Autoplectic
10.21105/joss.01124,@kthyng,@mvdh7
10.21105/joss.01071,@katyhuff,@lucydot;@lindsayad
10.21105/joss.01069,@brainstorm,@reisingerf
10.21105/joss.01076,@arokem,@Kevin-Mattheus-Moerman
10.21105/joss.01082,@arfon,@ibarraespinosa;@nanhung
10.21105/joss.01107,@trallard,@dlagrava;@jhill1
10.21105/joss.01119,@brainstorm,@ejdanderson
10.21105/joss.01073,@danielskatz,@acolum;@rljacobson
10.21105/joss.01179,@yochannah,@vsoch;@andytwoods
10.21105/joss.01065,@trallard,@brainstorm;@rlizzo
10.21105/joss.01256,@mgymrek,@timClicks
10.21105/joss.01070,@Kevin-Mattheus-Moerman,@JonathanReardon
10.21105/joss.01087,@arfon,@terrytangyuan;@kbenoit
10.21105/joss.01171,@arokem,@damaggu
10.21105/joss.01035,@karthik,@arfon
10.21105/joss.01056,@karthik,@wrathematics
10.21105/joss.01036,@arfon,@joethorley
10.21105/joss.01066,@kthyng,@fclubb;@mcflugen
10.21105/joss.01094,@Kevin-Mattheus-Moerman,@ybayle;@gwynethbradbury
10.21105/joss.01125,@arfon,@aokad;@johnlees
10.21105/joss.01057,@jedbrown,@jedbrown;@dnszafir;@terrytangyan;@kellieotto
10.21105/joss.01037,@labarba,@mgalloy;@markbasham
10.21105/joss.01109,@Kevin-Mattheus-Moerman,@johnsamuelwrites;@devonrex;@sundmanbo
10.21105/joss.01021,@Kevin-Mattheus-Moerman,@ctb;@kapsakcj;@azneto
10.21105/joss.01064,@trallard,@amoeba
10.21105/joss.01072,@katyhuff,@myousefi2016;@stuartcampbell;@mdoucet
10.21105/joss.01008,@yochannah,@nagoue;@tomsing1
10.21105/joss.01015,@arfon,@HaoZeke
10.21105/joss.01042,@labarba,@Kevin-Mattheus-Moerman;@ctdegroot
10.21105/joss.01026,@cMadan,@snastase
10.21105/joss.01006,@pjotrp,@Benjamin-Lee
10.21105/joss.01022,@arfon,@ngoldbaum
10.21105/joss.01077,@arokem,@road2stat
10.21105/joss.01018,@arfon,@usethedata
10.21105/joss.00992,@kthyng,@WalBytes;@JesperDramsch
10.21105/joss.01027,@jedbrown,@tisaac;@ctdegroot
10.21105/joss.00990,@lheagy,@kbevers;@scivision
10.21105/joss.01040,@trallard,@RichardLitt;@deniederhut
10.21105/joss.01002,@arokem,@jekbradbury
10.21105/joss.01044,@yochannah,@mbod;@andytwoods
10.21105/joss.01083,@mgymrek,@sjackman
10.21105/joss.00979,@kthyng,@speleophysics;@tristan-salles
10.21105/joss.00971,@arfon,@arfon
10.21105/joss.00985,@arfon,@ziotom78
10.21105/joss.01043,@jedbrown,@sriharikrishna;@tobydriscoll
10.21105/joss.00984,@cMadan,@nnadeau
10.21105/joss.01003,@arokem,@malmaud
10.21105/joss.00978,@arfon,@jnese;@strengejacke
10.21105/joss.00981,@danielskatz,@drvinceknight;@adammichaelwood
10.21105/joss.00960,@pjotrp,@DannyArends
10.21105/joss.00965,@arfon,@andrewfowlie;@zhampel
10.21105/joss.00964,@kthyng,@sgrieve;@kbarnhart
10.21105/joss.01028,@karthik,@sastoudt
10.21105/joss.00948,@jedbrown,@mlxd;@jcmgray
10.21105/joss.00957,@lheagy,@fourndo;@Fil
10.21105/joss.01182,@jasonclark,@sonal-raj
10.21105/joss.01041,@karthik,@sydnerecord
10.21105/joss.00989,@cMadan,@stsievert
10.21105/joss.01053,@arfon,@crawfordsm
10.21105/joss.00937,@karthik,@rlbarter
10.21105/joss.00988,@yochannah,@mschubert;@JohnCoene
10.21105/joss.00955,@yochannah,@karinlag;@juanvillada
10.21105/joss.00961,@yochannah,@hiendn;@dirmeier
10.21105/joss.01038,@yochannah,@DiegoKoz
10.21105/joss.01013,@Kevin-Mattheus-Moerman,@aviks
10.21105/joss.00973,@katyhuff,@stuartcampbell;@mikapfl;@katyhuff
10.21105/joss.01012,@Kevin-Mattheus-Moerman,@jeroen;@NikEfth
10.21105/joss.00940,@lheagy,@IgorBaratta;@boehmc
10.21105/joss.00924,@arokem,@rougier
10.21105/joss.00921,@arfon,@ninjin
10.21105/joss.00910,@karthik,@fabian-s
10.21105/joss.00974,@Kevin-Mattheus-Moerman,@devinberg
10.21105/joss.00911,@leeper,@maxheld83
10.21105/joss.00925,@arokem,@lmcinnes
10.21105/joss.00980,@arfon,@jsgalan
10.21105/joss.01007,@brainstorm,@gjeuken
10.21105/joss.00967,@brainstorm,@moonso
10.21105/joss.00934,@yochannah,@rasbt;@luizirber
10.21105/joss.00966,@Kevin-Mattheus-Moerman,@nnadeau;@mwacaan
10.21105/joss.00890,@leeper,@vsoch
10.21105/joss.00950,@yochannah,@ChrisJefferson;@motib
10.21105/joss.00883,@karthik,@arfon
10.21105/joss.00886,@leeper,@pdwaggoner
10.21105/joss.00885,@pjotrp,@serine
10.21105/joss.00878,@arfon,@brainstorm
10.21105/joss.00916,@arfon,@ziotom78;@mattpitkin
10.21105/joss.00884,@katyhuff,@sjpfenninger;@ecotillasanchez
10.21105/joss.00897,@arokem,@miykael
10.21105/joss.00869,@arfon,@bovee
10.21105/joss.01047,@Kevin-Mattheus-Moerman,@rhiever;@zhampel
10.21105/joss.01075,@arfon,@mnarayan
10.21105/joss.00860,@leeper,@corybrunson
10.21105/joss.00862,@cMadan,@RMHogervorst;@janfreyberg;@tomfaulkenberry
10.21105/joss.00859,@karthik,@arfon
10.21105/joss.00900,@labarba,@vyasr;@trallard
10.21105/joss.00893,@arfon,@tgerke;@jenniferthompson;@rrrlw
10.21105/joss.00870,@arfon,@strengejacke
10.21105/joss.01023,@arfon,@soodoku;@russellpierce
10.21105/joss.00865,@labarba,@rouson;@rasmussn
10.21105/joss.00850,@arfon,@dfm
10.21105/joss.00846,@leeper,@seankross
10.21105/joss.01201,@pjotrp,@amoeba
10.21105/joss.00909,@karthik,@ViniciusBRodrigues
10.21105/joss.00848,@leeper,@andybega
10.21105/joss.01005,@kyleniemeyer,@adammichaelwood;@tpetricek
10.21105/joss.00861,@arokem,@terrytangyuan
10.21105/joss.00849,@arfon,@FaustinCarter;@zhampel
10.21105/joss.00947,@arfon,@alexpghayes
10.21105/joss.00854,@jakevdp,@wtgee
10.21105/joss.00877,@kyleniemeyer,@richardjgowers;@malramsay64
10.21105/joss.00855,@arokem,@glemaitre;@mnarayan
10.21105/joss.00847,@karthik,@sckott;@goldingn
10.21105/joss.00876,@danielskatz,@jsgalan;@rougier
10.21105/joss.00892,@jasonclark,@dredamonsta1;@cmccomb
10.21105/joss.00863,@lheagy,@lheagy;@jsta
10.21105/joss.00941,@Kevin-Mattheus-Moerman,@maieul;@MarjorieBurghart;@Padlina
10.21105/joss.00827,@pjotrp,@harmn;@Chilipp
10.21105/joss.00927,@Kevin-Mattheus-Moerman,@modenaxe;@demotu;@nicoguaro
10.21105/joss.00830,@danielskatz,@ian-taylor;@gflofst
10.21105/joss.00899,@arfon,@mdpiper;@mgalloy
10.21105/joss.00898,@arfon,@mgalloy;@mdpiper
10.21105/joss.00812,@pjotrp,@vsoch;@george-githinji
10.21105/joss.00828,@leeper,@cskovron
10.21105/joss.00814,@arfon,@strengejacke;@jankatins
10.21105/joss.00820,@arfon,@highlando;@kyleniemeyer
10.21105/joss.00797,@katyhuff,@ajjackson;@bocklund;@mkhorton
10.21105/joss.00790,@karthik,@arfon
10.21105/joss.00786,@leeper,@nhejazi
10.21105/joss.00803,@leeper,@soodoku
10.21105/joss.00826,@pjotrp,@luizirber;@peterjc
10.21105/joss.00808,@lheagy,@leouieda;@hugoledoux
10.21105/joss.00819,@jedbrown,@dalcinl;@sunqm
10.21105/joss.00792,@arokem,@nirum
10.21105/joss.00772,@leeper,@cdcrabtree
10.21105/joss.00809,@kyleniemeyer,@Cadair;@tbekolay;@ygrange
10.21105/joss.00905,@george-githinji,@ctb
10.21105/joss.00821,@leeper,@khaors
10.21105/joss.00766,@danielskatz,@hainesr;@Smattr
10.21105/joss.00785,@karthik,@kylehamilton
10.21105/joss.00904,@labarba,@Fil;@alex-konovalov
10.21105/joss.00774,@arfon,@lmullen;@borishejblum;@alexgarciac
10.21105/joss.00767,@danielskatz,@gonsie;@pspringer
10.21105/joss.00787,@labarba,@pdebuyl;@CorySimon
10.21105/joss.00791,@arfon,@steffilazerte
10.21105/joss.00765,@leeper,@kellieotto
10.21105/joss.00815,@arfon,@stuartcampbell
10.21105/joss.00755,@lheagy,@dvalters;@highendcompute
10.21105/joss.00818,@Kevin-Mattheus-Moerman,@trallard
10.21105/joss.00754,@leeper,@jrosen48;@methodds
10.21105/joss.00753,@pjotrp,@prasunanand
10.21105/joss.00741,@lheagy,@juliohm;@benjaminrose
10.21105/joss.00745,@Kevin-Mattheus-Moerman,@wouterpotters;@brainstorm
10.21105/joss.00749,@arfon,@ThomasA;@kczimm
10.21105/joss.00747,@arfon,@nilesh-patil;@terrytangyuan
10.21105/joss.00739,@leeper,@lebebr01
10.21105/joss.00845,@Kevin-Mattheus-Moerman,@llllllllll
10.21105/joss.00746,@arfon,@kellieotto
10.21105/joss.00829,@katyhuff,@ledius
10.21105/joss.00737,@arfon,@sarats;@Chilipp
10.21105/joss.00721,@arfon,@arfon
10.21105/joss.00775,@arfon,@iljah;@rougier
10.21105/joss.00825,@jedbrown,@mdoucet;@gonsie;@ecotillasanchez
10.21105/joss.00729,@arokem,@NickleDave
10.21105/joss.00738,@arfon,@kczimm;@stsievert
10.21105/joss.00731,@leeper,@tgerke
10.21105/joss.00701,@arfon,@arfon
10.21105/joss.00719,@Kevin-Mattheus-Moerman,@mgalloy;@leios
10.21105/joss.00726,@Kevin-Mattheus-Moerman,@rasbt;@MikeInnes;@mlgill
10.21105/joss.00781,@jedbrown,@dmdu
10.21105/joss.00735,@arfon,@fil;@jmbr
10.21105/joss.00773,@arfon,@shyamd
10.21105/joss.00748,@pjotrp,@nhejazi
10.21105/joss.00692,@lheagy,@wkearn;@ziotom78
10.21105/joss.00690,@karthik,@arfon
10.21105/joss.00695,@arfon,@jegpeek
10.21105/joss.00699,@leeper,@Rmadillo
10.21105/joss.00764,@arfon,@kbenoit
10.21105/joss.00717,@kyleniemeyer,@jarvist;@cfgoldsmith
10.21105/joss.00718,@Kevin-Mattheus-Moerman,@sdelandtsheer
10.21105/joss.00691,@Kevin-Mattheus-Moerman,@ziotom78;@ysimillides
10.21105/joss.00684,@brainstorm,@afrubin;@ajank
10.21105/joss.00722,@arfon,@benmarwick
10.21105/joss.00711,@danielskatz,@lkosmid
10.21105/joss.00676,@katyhuff,@nnadeau
10.21105/joss.00707,@danielskatz,@stevenrbrandt
10.21105/joss.00671,@Kevin-Mattheus-Moerman,@marianux;@fernandoandreotti
10.21105/joss.00678,@karthik,@giraola
10.21105/joss.00674,@lheagy,@leouieda
10.21105/joss.00667,@arfon,@RuthAngus
10.21105/joss.00668,@karthik,@lmullen;@jeroen
10.21105/joss.00710,@katyhuff,@Tabeel;@puncan
10.21105/joss.00655,@arfon,@arfon
10.21105/joss.00656,@cMadan,@oesteban
10.21105/joss.00653,@arfon,@timClicks
10.21105/joss.00659,@lheagy,@Chilipp;@dhhagan
10.21105/joss.00657,@arfon,@chlalanne;@corybrunson
10.21105/joss.00633,@arfon,@arfon
10.21105/joss.00638,@arokem,@mlgill
10.21105/joss.00660,@arfon,@hugoledoux;@ThomasA
10.21105/joss.00662,@arfon,@nuest;@benmarwick
10.21105/joss.00625,@arfon,@arfon
10.21105/joss.00648,@leeper,@corinne-riddell
10.21105/joss.00651,@arfon,@glemaitre;@clemaitre58
10.21105/joss.00661,@arfon,@dlagrava;@ziotom78
10.21105/joss.00615,@labarba,@ahwillia
10.21105/joss.00650,@arfon,@stuartcampbell;@dlagrava
10.21105/joss.00622,@danielskatz,@marpierc;@smgallo
10.21105/joss.00630,@arfon,@abhishekbajpayee
10.21105/joss.00612,@arfon,@pjamesjoyce
10.21105/joss.00606,@leeper,@fsolt
10.21105/joss.00616,@brainstorm,@luizirber
10.21105/joss.00607,@leeper,@jhollist
10.21105/joss.01063,@cMadan,@thewtex
10.21105/joss.00613,@arfon,@ljvmiranda921
10.21105/joss.00639,@danielskatz,@audemard;@biotomas
10.21105/joss.00598,@kyleniemeyer,@dhhagan
10.21105/joss.00698,@pjotrp,@alexgarciac
10.21105/joss.00593,@Kevin-Mattheus-Moerman,@juanvillada
10.21105/joss.00602,@Kevin-Mattheus-Moerman,@ysimillides
10.21105/joss.00640,@arfon,@jkarreth
10.21105/joss.00588,@katyhuff,@jschwab
10.21105/joss.00597,@kyleniemeyer,@hafermann
10.21105/joss.00584,@karthik,@earino
10.21105/joss.00583,@pjotrp,@andrewyatz
10.21105/joss.00581,@arfon,@mattpitkin
10.21105/joss.00596,@jakevdp,@desilinguist
10.21105/joss.00617,@danielskatz,@BasTesterink;@fraimondi
10.21105/joss.00670,@Kevin-Mattheus-Moerman,@llllllllll
10.21105/joss.00571,@arfon,@arfon
10.21105/joss.00568,@cMadan,@trallard
10.21105/joss.00624,@arfon,@boshek
10.21105/joss.00567,@cMadan,@DominiqueMakowski
10.21105/joss.00569,@labarba,@drvinceknight
10.21105/joss.00580,@lheagy,@hugoledoux
10.21105/joss.00577,@arokem,@kellieotto
10.21105/joss.00558,@kyleniemeyer,@jedbrown
10.21105/joss.00565,@kyleniemeyer,@bryanwweber
10.21105/joss.00556,@pjotrp,@brainstorm
10.21105/joss.00550,@arfon,@arfon
10.21105/joss.00545,@arfon,@dfm
10.21105/joss.00782,@Kevin-Mattheus-Moerman,@tshu
10.21105/joss.00557,@arfon,@corybrunson
10.21105/joss.00538,@arfon,@ygrange
10.21105/joss.00634,@george-githinji,@pboesu
10.21105/joss.00542,@kyleniemeyer,@iljah
10.21105/joss.00531,@arfon,@andim
10.21105/joss.00530,@jakevdp,@jkmacc-LANL
10.21105/joss.00548,@Kevin-Mattheus-Moerman,@wkearn
10.21105/joss.00528,@Kevin-Mattheus-Moerman,@gvegayon
10.21105/joss.00527,@mgymrek,@jsgalan
10.21105/joss.00511,@arfon,@arfon
10.21105/joss.00629,@leeper,@rdrr1990
10.21105/joss.00523,@leeper,@justinesarey
10.21105/joss.00516,@arfon,@sgrieve
10.21105/joss.00592,@kyleniemeyer,@dvalters
10.21105/joss.00497,@mgymrek,@nmmsv
10.21105/joss.00501,@jakevdp,@desilinguist
10.21105/joss.00490,@arfon,@arghdos
10.21105/joss.00514,@mgymrek,@luizirber
10.21105/joss.00487,@arfon,@nespinoza
10.21105/joss.00488,@arfon,@richardjgowers
10.21105/joss.00506,@cMadan,@siboles
10.21105/joss.00493,@katyhuff,@mikeckennedy
10.21105/joss.00489,@danielskatz,@bmagyar @amjaeger17
10.21105/joss.00521,@leeper,@oesteban
10.21105/joss.00494,@arfon,@joezuntz
10.21105/joss.00475,@arfon,@Fil
10.21105/joss.00541,@labarba,@bmcfee
10.21105/joss.00500,@Kevin-Mattheus-Moerman,@costashatz
10.21105/joss.00480,@jasonclark,@alexhanna
10.21105/joss.00457,@pjotrp,@chfi
10.21105/joss.00454,@arfon,@arfon
10.21105/joss.00456,@danielskatz,@progtologist
10.21105/joss.00451,@leeper,@amoeba
10.21105/joss.00463,@leeper,@sckott
10.21105/joss.00472,@Kevin-Mattheus-Moerman,@CristianaCorsi
10.21105/joss.00566,@lheagy,@yxqd
10.21105/joss.00547,@Kevin-Mattheus-Moerman,@rhiever
10.21105/joss.00458,@kyleniemeyer,@ahwillia
10.21105/joss.00465,@labarba,@SylvainCorlay
10.21105/joss.00448,@kyleniemeyer,@wkearn
10.21105/joss.00436,@cMadan,@Kevin-Mattheus-Moerman
10.21105/joss.00470,@leeper,@SachaEpskamp
10.21105/joss.00437,@danielskatz,@marksantcroos
10.21105/joss.00433,@kyleniemeyer,@stsievert
10.21105/joss.00427,@arokem,@anotherjoshsmith
10.21105/joss.00440,@lheagy,@bjmorgan
10.21105/joss.00464,@pjotrp,@jdeligt
10.21105/joss.00426,@pjotrp,@smoe
10.21105/joss.00515,@leeper,@tgerke
10.21105/joss.00430,@cMadan,@jordigh
10.21105/joss.00432,@arfon,@sealhuang
10.21105/joss.00411,@karthik,@arfon
10.21105/joss.00445,@george-githinji,@nelkibs
10.21105/joss.00413,@cMadan,@nirum
10.21105/joss.00418,@brainstorm,@vals
10.21105/joss.00407,@arokem,@nicoguaro
10.21105/joss.00408,@leeper,@jrnold
10.21105/joss.00473,@arfon,@Haacked
10.21105/joss.00401,@arokem,@krother
10.21105/joss.00431,@arfon,@dfm
10.21105/joss.00400,@danielskatz,@gasagna
10.21105/joss.00424,@cMadan,@RichardLitt
10.21105/joss.00396,@cMadan,@demotu
10.21105/joss.00417,@leeper,@maelle
10.21105/joss.00384,@leeper,@alexhanna
10.21105/joss.00382,@arokem,@ahwillia
10.21105/joss.00505,@george-githinji,@HadrienG
10.21105/joss.00380,@cMadan,@oesteban
10.21105/joss.00471,@karthik,@arfon
10.21105/joss.00372,@arfon,@jpivarski
10.21105/joss.00388,@arfon,@crawfordsm
10.21105/joss.00359,@arfon,@arfon
10.21105/joss.00357,@danielskatz,@jmjwozniak
10.21105/joss.00365,@arfon,@jordigh
10.21105/joss.00355,@arfon,@arfon
10.21105/joss.00373,@arfon,@dvalters
10.21105/joss.00363,@arfon,@Fil
10.21105/joss.00361,@karthik,@benmarwick
10.21105/joss.00354,@Kevin-Mattheus-Moerman,@rougier
10.21105/joss.00341,@george-githinji,@yannickwurm
10.21105/joss.00366,@arfon,@djmitche
10.21105/joss.00339,@katyhuff,@amoeba
10.21105/joss.00352,@pjotrp,@bow
10.21105/joss.00348,@arfon,@eteq
10.21105/joss.00370,@labarba,@aronwalsh
10.21105/joss.00350,@arokem,@luizirber
10.21105/joss.00368,@lheagy,@AnsleyManke
10.21105/joss.00331,@danielskatz,@hausen
10.21105/joss.00333,@arfon,@arfon
10.21105/joss.00425,@katyhuff,@rgiordan
10.21105/joss.00402,@arfon,@arfon
10.21105/joss.00412,@mgymrek,@selbouhaddani
10.21105/joss.00351,@pjotrp,@fstrozzi
10.21105/joss.00332,@labarba,@rgieseke
10.21105/joss.00374,@Kevin-Mattheus-Moerman,@gvegayon
10.21105/joss.00371,@leeper,@sebastianbarfort
10.21105/joss.00320,@pjotrp,@kblin
10.21105/joss.00517,@pjotrp,@brentp
10.21105/joss.00441,@kyleniemeyer,@pboesu
10.21105/joss.00362,@tracykteal,@afrubin
10.21105/joss.00314,@karthik,@AndySouth
10.21105/joss.00305,@karthik,@karthik
10.21105/joss.00306,@katyhuff,@kyleniemeyer
10.21105/joss.00512,@karthik,@wrathematics
10.21105/joss.00340,@Kevin-Mattheus-Moerman,@sdelandtsheer
10.21105/joss.00301,@kyleniemeyer,@arghdos
10.21105/joss.00360,@karthik,@mdsumner
10.21105/joss.00289,@danielskatz,@kc9qey
10.21105/joss.00293,@acabunoc,@RichardLitt
10.21105/joss.00300,@Kevin-Mattheus-Moerman,@stavness
10.21105/joss.00280,@danielskatz,@jedbrown
10.21105/joss.00298,@kyleniemeyer,@scopatz
10.21105/joss.00296,@karthik,@kaneplusplus
10.21105/joss.00281,@danielskatz,@MatthewTurk
10.21105/joss.00279,@pjotrp,@krother
10.21105/joss.00282,@mgymrek,@genomematt
10.21105/joss.00272,@george-githinji,@sjackman
10.21105/joss.00338,@karthik,@arfon
10.21105/joss.00267,@arfon,@tacaswell
10.21105/joss.00265,@arfon,@brainstorm
10.21105/joss.00268,@arfon,@amoeba
10.21105/joss.00307,@danielskatz,@wlav
10.21105/joss.00291,@arfon,@MWieland
10.21105/joss.00259,@arokem,@cMadan
10.21105/joss.00255,@pjotrp,@ctb
10.21105/joss.00260,@karthik,@benmarwick
10.21105/joss.00248,@arfon,@sgrieve
10.21105/joss.00247,@labarba,@asmit3
10.21105/joss.00244,@arfon,@hugoledoux
10.21105/joss.00250,@arfon,@dvalters
10.21105/joss.00251,@arfon,@SergeStinckwich
10.21105/joss.00236,@katyhuff,@amoeba
10.21105/joss.00232,@arfon,@luizirber
10.21105/joss.00230,@arfon,@arfon
10.21105/joss.00224,@labarba,@jessdtate
10.21105/joss.00222,@arfon,@lnielsen
10.21105/joss.00258,@arokem,@nirum
10.21105/joss.00215,@arokem,@rdottle
10.21105/joss.00243,@george-githinji,@brainstorm
10.21105/joss.00217,@cMadan,@Kevin-Mattheus-Moerman
10.21105/joss.00257,@brainstorm,@roryk
10.21105/joss.00235,@arfon,@ekolve
10.21105/joss.00256,@arfon,@pjotrp
10.21105/joss.00204,@arfon,@vchuravy
10.21105/joss.00208,@pjotrp,@brainstorm
10.21105/joss.00202,@arfon,@TJBihl
10.21105/joss.00234,@pjotrp,@ngoto
10.21105/joss.00194,@arfon,@arfon
10.21105/joss.00216,@karthik,@bbolker
10.21105/joss.00205,@danielskatz,@zhaozhang
10.21105/joss.00189,@cMadan,@jsta
10.21105/joss.00188,@arokem,@anotherjoshsmith
10.21105/joss.00221,@danielskatz,@jmichel7
10.21105/joss.00190,@pjotrp,@kbroman
10.21105/joss.00242,@kyleniemeyer,@nicoguaro
10.21105/joss.00182,@arfon,@eteq
10.21105/joss.00207,@jakevdp,@johnh2o2
10.21105/joss.00185,@acabunoc,@daattali
10.21105/joss.00513,@arfon,@arfon
10.21105/joss.00177,@karthik,@arfon
10.21105/joss.00172,@arfon,@braverock
10.21105/joss.00231,@arfon,@rneher
10.21105/joss.00171,@arfon,@braverock
10.21105/joss.00176,@karthik,@amoeba
10.21105/joss.00168,@pjotrp,@sb10
10.21105/joss.00295,@karthik,@NelleV
10.21105/joss.00165,@kyleniemeyer,@arghdos
10.21105/joss.00167,@pjotrp,@brentp
10.21105/joss.00179,@mgymrek,@jyuan1322
10.21105/joss.00170,@arfon,@cmsaie
10.21105/joss.00146,@cMadan,@JohnGriffiths
10.21105/joss.00153,@Kevin-Mattheus-Moerman,@lassoan
10.21105/joss.00169,@acabunoc,@alanlivio
10.21105/joss.00139,@kyleniemeyer,@moorepants
10.21105/joss.00209,@arfon,@pjotrp
10.21105/joss.00140,@arfon,@astrofrog
10.21105/joss.00137,@arokem,@kdesimone
10.21105/joss.00166,@katyhuff,@nicoguaro
10.21105/joss.00161,@karthik,@gavinsimpson
10.21105/joss.00142,@george-githinji,@genomematt
10.21105/joss.00141,@cMadan,@fabian-s
10.21105/joss.00135,@arfon,@masalmon
10.21105/joss.00151,@labarba,@jflorence
10.21105/joss.00116,@george-githinji,@andrewjpage
10.21105/joss.00164,@acabunoc,@krother
10.21105/joss.00118,@pjotrp,@harmn
10.21105/joss.00133,@arfon,@RichardLitt
10.21105/joss.00119,@arfon,@jsta
10.21105/joss.00111,@arfon,@janschulz
10.21105/joss.00106,@arfon,@arfon
10.21105/joss.00125,@arfon,@arokem
10.21105/joss.00107,@acabunoc,@stain
10.21105/joss.00100,@arfon,@masalmon
10.21105/joss.00102,@arfon,@xuanxu
10.21105/joss.00124,@jakevdp,@DannyArends
10.21105/joss.00103,@cMadan,@tknapen
10.21105/joss.00097,@kyleniemeyer,@stijnvanhoey
10.21105/joss.00092,@cMadan,@PhilippPro
10.21105/joss.00091,@acabunoc,@riordan
10.21105/joss.00093,@danielskatz,@stevenrbrandt
10.21105/joss.00085,@pjotrp,@chapmanb
10.21105/joss.00087,@george-githinji,@byandell
10.21105/joss.00080,@arfon,@andersgs
10.21105/joss.00082,@labarba,@fonnesbeck
10.21105/joss.00079,@kyleniemeyer,@mtezzele
10.21105/joss.00075,@acabunoc,@acabunoc
10.21105/joss.00064,@Kevin-Mattheus-Moerman,@roliveros-ramos
10.21105/joss.00063,@arfon,@brylie
10.21105/joss.00062,@arfon,@katyhuff
10.21105/joss.00061,@karthik,@dgrtwo
10.21105/joss.00060,@arfon,@cMadan
10.21105/joss.00058,@arfon,@danielskatz
10.21105/joss.00056,@arfon,@karthik
10.21105/joss.00055,@cMadan,@mdnunez
10.21105/joss.00054,@arfon,@jankatins
10.21105/joss.00053,@pjotrp,@luizirber
10.21105/joss.00052,@arfon,@masalmon
10.21105/joss.00051,@arfon,@pragyansmita
10.21105/joss.00050,@mgymrek,@julianmcauley
10.21105/joss.00046,@arfon,@dfm
10.21105/joss.00045,@arfon,@tacaswell
10.21105/joss.00044,@danielskatz,@eschnett
10.21105/joss.00043,@arfon,@kyleniemeyer
10.21105/joss.00042,@arfon,@vchuravy
10.21105/joss.00041,@arfon,@davclark
10.21105/joss.00040,@arfon,@davclark
10.21105/joss.00038,@arfon,@mlinksva
10.21105/joss.00037,@arfon,@rmflight
10.21105/joss.00036,@arfon,@amoeba
10.21105/joss.00035,@arfon,@desilinguist
10.21105/joss.00034,@arfon,@rasbt
10.21105/joss.00033,@arfon,@jkahn
10.21105/joss.00032,@arfon,@robintw
10.21105/joss.00031,@arfon,@Kevin-Mattheus-Moerman
10.21105/joss.00029,@arfon,@jsta
10.21105/joss.00028,@arfon,@krother
10.21105/joss.00027,@arfon,@jkahn
10.21105/joss.00026,@arfon,@wrathematics
10.21105/joss.00025,@arfon,@krother;@agarie
10.21105/joss.00024,@arfon,@tacaswell
10.21105/joss.00023,@arfon,@xuanxu
10.21105/joss.00021,@arfon,@luizirber
10.21105/joss.00020,@arfon,@amoeba
10.21105/joss.00018,@arfon,@xuanxu
10.21105/joss.00017,@arfon,@krother
10.21105/joss.00016,@arfon,@kyleniemeyer
10.21105/joss.00012,@arfon,@nicoguaro
10.21105/joss.00011,@arfon,@betatim
